O $a$ ,O $b$ ,O $c$ ,O O ,O Al ,O Ca ,O K ,O Mg ,O S ,O Si ,O Th ,O U ,Al $a$ ,Al $b$ ,Al $c$ ,Al Al ,Al S ,Al Si ,Ca $a$ ,Ca $b$ ,Ca $c$ ,Ca Ca ,Ca S ,Ca Si ,K $a$ ,K $b$ ,K $c$ ,K K ,K S ,K Si ,Mg $a$ ,Mg $b$ ,Mg $c$ ,Mg Mg ,Mg S ,Mg Si ,S $a$ ,S $b$ ,S $c$ ,S S ,S Si ,S Th ,S U ,Si $a$ ,Si $b$ ,Si $c$ ,Si Si ,Si Th ,Si U ,Th $a$ ,Th $b$ ,Th $c$ ,Th Th ,U $a$ ,U $b$ ,U $c$ ,U U
1.000000000000000000e+00,-9.705337434939320662e-01,-7.304187383138291967e-01,1.338837922579030892e-01,-2.309976976370081356e-02,7.273578545877290146e-04,1.373449700405204345e-02,1.904313059986926376e-02,3.150751987685216915e-01,2.493871157990907791e-02,-5.457419418493945906e-03,1.769386716395469558e-02,-3.176580109868664108e-03,1.760748087884116131e-03,-8.269686203562999841e-03,1.572871160108668068e-03,-1.665997181736657978e-02,-3.896662616340229243e-03,-5.661856224837082162e-04,2.981771816088375619e-04,8.412578193025664229e-04,1.639962597081215921e-04,-1.057581007000399755e-03,6.060848456157709479e-05,-1.869490622519315954e-03,2.705313771636178120e-03,5.894214119395379918e-03,2.596351657111796614e-03,1.636753006747443048e-02,2.791912926755503628e-03,-9.394756080298405712e-03,6.481919369460433650e-03,1.222903239276471564e-02,-1.237064429775842564e-02,-1.469714309372154026e-02,-3.319393553728529084e-03,-1.543211632376060259e-02,3.346232591383401216e-03,1.208678211142250464e-01,-7.647261410804488679e-02,-3.412611203489235995e-02,9.665171306742267182e-03,1.175549498527072396e-03,2.801843255678471492e-02,-3.045786235574478307e-02,-4.752436184196696164e-04,-1.782858178156585633e-03,-2.073206270438641280e-03,-4.380938045694346764e-03,-1.201150127616359324e-03,1.122218314595270754e-03,3.482458777119021385e-04,2.814031742910011761e-04,-1.039883517691108511e-02,9.710067139127843971e-03,1.683734176110821684e-02,-6.723552974715288344e-03
-9.705337434939296237e-01,9.999999999999997780e-01,6.290912192685276239e-01,-1.841506288752781662e-01,1.930104019282985472e-02,-9.081294497377752654e-04,-9.922083721813660870e-03,-2.156745228231010669e-02,-2.329213856190540666e-01,8.766716594203066704e-02,3.319536787711836832e-03,-1.874207574266291421e-02,1.936312545495241571e-03,-1.033148004378348604e-03,6.436971070034540332e-03,-1.483156009062705028e-03,1.095785168251767368e-02,-9.877957511736179888e-05,5.459280702334695342e-04,-2.830332478379793859e-04,-9.396268757091809972e-04,-9.290792358522581877e-05,9.796135017374001629e-04,-2.442069546615731140e-04,1.165333685754565930e-03,-1.907510293324878557e-03,-3.725944320545264508e-03,-2.410905077737796748e-03,-1.236672034222338623e-02,-2.194436147953606961e-03,9.377853038584490000e-03,-6.684647008764494497e-03,-1.342114008444824855e-02,1.339620958812038493e-02,1.404592763325354134e-02,1.136440057301335398e-03,1.900826434890571029e-02,-9.653149468606764261e-03,-9.162896294249431306e-02,6.918087705427938827e-02,2.682084898705889078e-02,-1.322084103120195172e-03,-1.277476146699451894e-03,-1.012552244140981633e-02,9.629290421495250579e-03,2.021303079717512094e-02,3.834993396362999687e-04,1.835985018633416038e-03,4.545031705580659595e-03,1.232338174408126753e-03,-1.163690955434098801e-03,-4.898994911074707912e-04,-2.965057860039426721e-04,1.093708209334241094e-02,-1.021202623829926305e-02,-1.779531561920881869e-02,7.019780012287151968e-03
-7.304187383138288636e-01,6.290912192685286231e-01,1.000000000000000000e+00,4.706891986038390652e-01,7.229723231051867274e-03,-6.437009803131407562e-04,-9.677499908919283585e-04,-7.549582933721220128e-03,-2.148556340033991874e-01,-9.501879682333498611e-02,3.783993593686790953e-03,-1.028696245446831734e-02,3.103136213870205662e-03,-3.017014300389251388e-03,6.645506222097561505e-03,-2.543526312058850495e-03,1.154209088400228247e-02,3.645886945659343459e-03,5.102966432575918674e-04,-2.510201331716592119e-04,-8.291074680656892234e-04,-1.909210863681615482e-04,9.349694486172353868e-04,-2.504335389613843036e-04,3.140489687337069419e-03,-3.302218170358071393e-03,-5.133559337947890371e-03,-4.496073721457805343e-04,-1.058471208237236200e-02,-1.511126212646179967e-03,5.137927288413766426e-03,-3.116473399856126321e-03,-5.985056370333121691e-03,6.027669410907780280e-03,9.509714868216740530e-03,7.063234819554047505e-04,1.778985122494340654e-02,-7.651031375630135481e-03,-1.032110660829449050e-01,6.392295053836945240e-02,2.532331021425600348e-02,-2.630238072444577441e-02,-6.229857358577334161e-04,-2.185435717165341851e-02,2.307283104130947865e-02,-5.579457067472348578e-04,8.152709056138060517e-04,1.956761547878085351e-03,2.620692402005478806e-03,1.161383552378399088e-03,-1.134317704001241555e-03,-1.374645987013924011e-04,-6.003940094353891815e-04,6.104609709680640199e-03,-5.699593514855540340e-03,-9.818582310252871315e-03,3.979008006463420968e-03
1.338837922579030337e-01,-1.841506288752792486e-01,4.706891986038392317e-01,1.000000000000000222e+00,-3.746680967483433100e-02,-2.065982491919698179e-03,1.193410582998614272e-02,-2.067903355098836896e-02,-1.499570523690387826e-02,-4.968822684114364979e-02,-1.695828592166722477e-03,-5.106209249944725515e-04,-1.524856639044361696e-03,1.801886079728315035e-03,-1.038252118582638078e-02,-6.008062366188450623e-05,1.062043624275705450e-02,2.106898542776687155e-03,4.937823265995493899e-04,-3.517981194842552351e-04,-1.041558530095837605e-03,9.413081470828426169e-04,6.518401533423519387e-04,-3.434402686711617936e-04,3.832153149592689833e-03,-2.868162299577226362e-03,-4.067062944618596645e-03,3.043004642487735518e-03,1.158053455977438350e-03,1.047417968061357561e-03,7.601195784749843927e-03,-6.047408677477959793e-03,-1.171291974432856625e-02,1.300077033054007625e-02,9.273144554747597343e-03,-2.592145369653776898e-03,1.180528473819543109e-02,-7.961882902023523570e-03,-3.985386664185854022e-02,2.301314935225588082e-02,6.847690226275971077e-03,-1.209223451502714972e-02,-1.976414068865245009e-04,2.714169525301316117e-03,-5.963843062745124990e-03,1.837635403493109026e-02,-3.955487716001529486e-03,1.113865341606899793e-03,-1.696085629358712031e-05,7.379376604205984498e-04,-7.753230888192015223e-04,-7.685857983892049146e-05,-8.401099002387536763e-04,8.087404361376114711e-05,-6.576285508948634449e-05,-3.818171520262547106e-04,-1.385635527288573885e-04
-2.309976976369088747e-02,1.930104019283542666e-02,7.229723231053498782e-03,-3.746680967483540653e-02,9.999999999999998890e-01,-2.537136267067740701e-04,-3.178803634179343598e-03,-7.296959065646688170e-03,-2.305893122979013263e-02,-1.939345133734973747e-02,9.136421038589384765e-05,1.458307309040104158e-04,3.183014798455928163e-01,-3.532669763559741494e-01,5.644868215840146419e-01,-1.916479317542629443e-02,-1.184289460184217435e-01,2.127594288215281793e-01,5.843852771637560129e-05,-2.634262829261874712e-05,-2.039071075738794624e-04,1.057499800248590863e-05,8.385774216850618327e-05,-1.420776811062280872e-04,2.049000769049435285e-03,-1.548497145813956420e-03,-3.672164145230162428e-03,1.894995778986555178e-03,-4.003695826142994441e-05,2.998688805241393968e-04,1.138571508825154434e-03,-9.515686224811951369e-04,-4.230235634228426446e-03,2.684035266229678040e-03,1.466494078251025929e-03,-2.028063417375141481e-03,4.887675179263852206e-03,-3.753136452836977784e-03,-2.156276594695287485e-02,-5.291016112444501575e-04,7.692711047774503617e-04,6.744210256125581296e-03,4.868321494246512313e-04,-1.694699256215621841e-02,1.473918224070003453e-02,2.104470308657956090e-02,-5.466151628132112118e-03,8.853704942390964961e-05,2.144288946335316315e-04,-1.894439961253313045e-04,1.782759766669896159e-04,2.813035277127508304e-04,-2.483928968826970194e-04,3.058249636119107014e-04,-2.980892330116744339e-04,-4.493790197130098651e-05,5.076817880379710934e-04
7.273578545877401819e-04,-9.081294497377876253e-04,-6.437009803131422741e-04,-2.065982491919692542e-03,-2.537136267067930436e-04,1.000000000000000222e+00,-8.410069951774601241e-05,-1.630072602041740234e-04,-1.467796234435904661e-03,-7.715909382619994027e-04,1.352212927642291583e-04,1.139675135048953182e-04,9.475164136833767248e-05,-1.503213794200268093e-04,1.227960312184284852e-05,-1.981624259188949518e-04,-4.719124622050731695e-05,2.027008849122050027e-04,-1.115636185011586456e-01,9.310171582841469951e-02,4.611661608399449941e-01,-4.047811037823019764e-01,-8.381798081923842736e-02,2.324573799284305187e-01,1.803108694903939773e-04,-8.963264957365472410e-05,-2.705183946747322685e-04,4.393496883622608124e-04,2.974980934125647284e-04,9.786514349464825089e-05,3.699529883484428124e-05,-2.213589512702114100e-05,-1.152608710174485198e-04,7.441688128400486546e-05,7.732592780918300720e-05,-1.040152386747791180e-04,-1.002375233878906541e-04,1.830196916063077904e-04,-1.018609569125850144e-03,4.357987604008842306e-04,-2.495898376834188178e-04,2.385027355063297516e-04,1.273686497839903954e-05,8.163900823837028141e-05,-1.884842872887992969e-04,5.649260283416148538e-04,-1.541099431139745417e-04,1.193542483591005949e-05,-1.500202672151256711e-05,-1.460301849606458495e-06,3.444135551749065629e-06,-3.591066082171168216e-06,-1.515572031920394737e-04,-5.475356239139671298e-05,5.088607099000600181e-05,1.023394812803272069e-04,-2.642753929619703771e-05
1.373449700405341388e-02,-9.922083721814290574e-03,-9.677499908928779027e-04,1.193410582998600047e-02,-3.178803634179575618e-03,-8.410069951774746253e-05,9.999999999999997780e-01,3.693595369063787381e-03,4.078890889024304467e-02,5.597021788001213527e-03,-9.329890729729822113e-04,5.093590543045854865e-04,-5.861636708496640192e-04,-3.836385075043799127e-05,-2.279045235900262266e-05,2.857553738113548670e-04,-2.631422714261114678e-03,-3.668125457766189374e-04,2.006028387479330541e-05,-1.570219830181670098e-06,-1.004606819054473750e-04,-1.032770443954931689e-05,1.954603966779646141e-05,-1.365033768616961507e-04,-7.919137093742109612e-02,2.076823335484400887e-02,6.168976663857319576e-01,-9.537421759263292609e-02,-2.257580640778607817e-01,-6.120089164433239332e-02,-2.076612087637824818e-04,3.302851624048740945e-04,1.821141066668547498e-03,-9.291153771136185418e-04,1.964901176058092439e-04,3.189305615676446917e-04,6.598520710605067924e-03,-7.464267891968229436e-03,7.303530722011732437e-03,1.680713801579435335e-03,-2.168878903056304167e-03,-9.266793767228033440e-03,1.016251400895324259e-04,3.377305541189079812e-03,-3.976713185781475916e-03,2.403307092511823648e-03,-5.946824262586268344e-04,3.325573039895036347e-04,-6.910678608590650382e-05,4.097406139729115916e-04,-4.043673689208581497e-04,-4.499849084234537632e-04,-3.588398471608186119e-04,-2.288295390682390496e-04,2.118441538785297506e-04,4.508164899690153267e-04,-9.433508288011421361e-05
1.904313059987289974e-02,-2.156745228231268102e-02,-7.549582933724766770e-03,-2.067903355098803589e-02,-7.296959065647938038e-03,-1.630072602041441807e-04,3.693595369064648238e-03,1.000000000000000222e+00,3.116518731559421961e-03,-1.577608681068767837e-02,-3.220028442774072611e-04,-3.033154433588464323e-03,1.992336293735983820e-03,-2.117635272458034523e-03,-2.302599910208722421e-03,8.256316324985324548e-04,2.786641584314238345e-03,-3.087075131962388388e-03,5.150512854288937490e-05,-2.218841974807736215e-05,-1.493058024908595384e-04,7.218967940794908234e-06,7.500229119238204021e-05,-1.224802906588623008e-04,-1.266734492662599781e-03,1.526319550494968993e-03,4.073132688637931759e-04,2.431809548022540596e-03,-2.709574774397573594e-03,6.087224450420133503e-04,-1.774628335383203748e-01,1.669214277050388440e-01,5.332600673919967171e-01,-4.200074949186570761e-01,-1.501312716848018092e-01,2.127905612735877527e-01,-7.582551394919391334e-03,8.080999713809546361e-03,5.832048062555966099e-04,-3.282292823073887714e-03,1.631715548999063115e-04,1.261183357036661269e-02,-3.055435203359843947e-04,3.982717858106167921e-03,-5.683116911521866009e-03,5.768402709111726534e-03,-3.341851092949024195e-03,9.544787521174648303e-05,3.929286718351584855e-04,1.108118843711849332e-05,-1.379095813492399747e-05,-6.775308050768186056e-05,-1.974601445132282470e-03,1.461556034243226450e-03,-1.358405523299704596e-03,-2.724876957078608414e-03,7.093842778602770741e-04
3.150751987685377897e-01,-2.329213856190706089e-01,-2.148556340034107059e-01,-1.499570523690207588e-02,-2.305893122977998103e-02,-1.467796234435877556e-03,4.078890889024095606e-02,3.116518731546967080e-03,9.999999999999998890e-01,1.442019738781982752e-01,-1.049008419489578028e-02,-7.808904963542360458e-04,-1.684652847577687747e-03,-4.586393233530567520e-03,-5.132199598208098124e-03,-2.419805187061469746e-03,-7.349259363705012982e-02,-1.067787150483461532e-02,-3.338095645619804460e-05,3.979985511582102376e-05,-8.360978836406459530e-04,5.643827981939424651e-04,-3.637008846329660059e-04,-1.296074658180622124e-03,-6.916105412970770944e-03,9.155641097763374606e-03,2.155321513104350301e-02,5.416259891990874049e-03,5.889592093094841302e-02,8.841095187233069530e-03,-3.782137230587131072e-03,2.418479285543795494e-03,2.206948268750656521e-03,-2.983491221218948115e-03,-6.275419646127778847e-03,-7.394139413817550632e-03,1.029083176116502019e-01,-1.285506369566342399e-01,3.098300145047050425e-01,9.623541875181362490e-03,-5.330678641800692258e-02,4.251201385264512245e-02,7.105331804447369065e-05,1.107574849709659082e-01,-1.155949891518721906e-01,-1.394160828048798990e-02,7.807140072327176106e-03,5.205176862104564763e-04,1.587711823466093035e-05,9.075832775457084219e-04,-1.024559299536504948e-03,-1.175477796408053432e-04,1.519356141056819572e-04,3.270909501102355369e-04,-3.004658912933551784e-04,-6.735137107622020652e-04,9.866902872526299949e-05
2.493871157991573231e-02,8.766716594202327018e-02,-9.501879682333778943e-02,-4.968822684113925053e-02,-1.939345133733004142e-02,-7.715909382619567936e-04,5.597021787996358036e-03,-1.577608681072309449e-02,1.442019738781980809e-01,1.000000000000000222e+00,-1.277479066833769536e-02,-6.471463558568852845e-03,-1.021427717142120613e-02,7.570517656713228634e-03,-8.985295826476271883e-03,6.133067673857764911e-05,-1.326647499341722207e-02,-3.607430103189879222e-02,-4.210586049840817584e-05,1.117082923170863439e-04,-7.843432231945860313e-04,-5.388277129436855973e-05,-2.588481770121595408e-04,-1.367420868796689155e-03,1.049722859800787265e-04,4.271122257857618313e-04,-9.828135511545268814e-04,4.202287456508870932e-04,4.755214567629233342e-03,2.381513989410452038e-03,-1.561035752089919102e-03,2.505970935315535210e-05,-8.336411907529333101e-03,5.536462852156400806e-03,-4.999443387396352093e-03,-2.035977936166064040e-02,-6.099528338274808883e-04,-4.262136289357522888e-03,4.812131441980624369e-02,-2.446591869061801039e-02,-1.169267404730943601e-02,2.759038750083507921e-02,-6.577216095718307291e-04,1.146955696235240491e-01,-1.368603847432502130e-01,2.019624328889354503e-01,2.305867177893444406e-02,-2.606073270520934630e-03,8.307477730552041131e-04,7.081292240133347333e-04,-7.547897504514446522e-04,-1.250538343728543932e-03,-5.645698187929232281e-04,3.166080791719208792e-03,-2.949275217905588439e-03,-5.834834074769893082e-03,1.611459559645634287e-03
-5.457419418247777369e-03,3.319536787458908945e-03,3.783993593528796676e-03,-1.695828592121290720e-03,9.136421044903112788e-05,1.352212927644702578e-04,-9.329890729725102581e-04,-3.220028442210663699e-04,-1.049008419482181514e-02,-1.277479066835945400e-02,1.000000000000000000e+00,2.334571515547618749e-05,-6.233415893131254463e-04,3.039011927832695756e-04,3.035402378260603157e-04,5.050289032022974890e-04,-6.550556836270658538e-04,-1.398868209512417558e-03,-1.669708158078152455e-05,6.133371490003330673e-06,9.719838903755672688e-05,-2.409912797165286434e-05,-1.125556059322634833e-05,9.887315032472808875e-05,2.798850650883868366e-04,-2.420619352929454264e-04,-7.679026182714183231e-04,-2.336795185053952594e-04,1.673916476831961350e-04,1.744150373556529977e-04,2.182990076778194854e-04,-2.392092263349611283e-04,-6.108062912460879084e-05,5.254893506325633177e-04,1.271405634938014575e-05,-3.091610117699611078e-04,1.282256626080197255e-02,-1.153422405590040327e-02,-1.095277859926816963e-02,2.309344595077782863e-02,2.663959036647696628e-03,1.844868825911298712e-03,5.670919173465545083e-05,-6.075707268057171581e-04,1.480502218409064348e-03,-3.833129927343872489e-03,4.605445370851501963e-03,-2.586019617769895751e-01,9.203281810888694602e-06,-3.168282221045131686e-01,3.039200418233621859e-01,4.674037443828572003e-01,1.507287753591211310e-01,-1.322830028265004274e-05,1.509099919546685635e-05,2.179330369733674510e-05,-2.488930047297862279e-05
1.769386716395133022e-02,-1.874207574266304258e-02,-1.028696245446741528e-02,-5.106209249924620070e-04,1.458307303883341825e-04,1.139675135046266393e-04,5.093590543039335557e-04,-3.033154433594804737e-03,-7.808904963864449818e-04,-6.471463558586053495e-03,2.334571515409121069e-05,1.000000000000000222e+00,4.297632195465703533e-03,-4.378935847491637230e-03,-1.647639480283744204e-03,-7.490756614794158181e-04,-1.148677454162156742e-03,-4.372847632443093574e-03,-3.535932278910769005e-05,1.812698469514061457e-05,9.010250938539844396e-05,-1.895822630270217076e-05,-5.191802103916997891e-05,6.014153789185245692e-05,-4.496303298725016183e-05,4.410834024847033399e-05,1.549762641028447384e-04,2.393884041173298697e-04,-5.294891139743279802e-04,-2.889465099555228993e-05,1.314242019787171005e-03,-9.421406905689134158e-04,-1.910197399193615643e-03,1.986584860470658707e-03,1.958000049434588039e-03,-2.901521227884003339e-04,-7.446560078524388018e-03,7.766581355918593908e-03,4.102384120348728964e-03,-3.675818847627307720e-03,2.241767073610862610e-03,-1.533834453338472426e-03,2.120230350518100826e-01,6.052234090241156647e-03,-5.983428722514168990e-03,-5.810723831590128632e-03,1.171325885868367835e-04,-1.189446608061057217e-04,-1.224428781746799283e-01,-8.938274391113551118e-05,8.796801065673052534e-05,4.036447926309360922e-05,4.909059064315335677e-05,-4.388096766210010657e-01,4.063401468630519209e-01,8.798227533853024696e-01,-1.732078245308443232e-01
-3.176580109842521826e-03,1.936312545508186728e-03,3.103136213875178680e-03,-1.524856639045065777e-03,3.183014798455847116e-01,9.475164136838586527e-05,-5.861636708498042065e-04,1.992336293734624231e-03,-1.684652847602684678e-03,-1.021427717146940542e-02,-6.233415894834309478e-04,4.297632196772132457e-03,9.999999999999998890e-01,-8.924860858783325579e-01,-9.778900961175611417e-02,-9.813149912721254309e-02,3.261700774100975697e-01,4.840686130828590894e-01,5.741061307467682791e-05,-1.235292215935351296e-05,-7.556924969103403773e-05,-1.263300990077077313e-04,1.188320135027739620e-04,-9.145529301266413786e-05,8.475729350108520506e-04,-5.969130016528404305e-04,-1.395906552121898691e-03,9.596510845767595001e-04,3.642730162289132601e-04,1.222001052460422303e-04,6.460442593878860853e-04,-2.993451748617587680e-04,7.813894046332442922e-04,3.510761327583184692e-04,1.386592961567973108e-03,2.379457431565594428e-04,-3.192949144810176051e-03,2.606389091426066559e-03,5.605878922576835142e-03,-6.897013512331936005e-04,-4.935517537618254978e-03,1.225737731861644385e-03,1.443719468476756512e-03,-1.826846595600862752e-02,1.428889692083410920e-02,3.354064298988605058e-02,-8.006449118889227140e-03,3.339635113579062149e-04,-2.302268914712863723e-04,6.513514905076563208e-05,-7.518679885899368033e-05,1.150668957783322935e-06,-2.102183479463414428e-04,-1.308500905076892540e-03,1.177898459612305602e-03,3.512273296106062197e-03,1.512188861641779278e-04
1.760748087853685829e-03,-1.033148004391773629e-03,-3.017014300393342733e-03,1.801886079729798440e-03,-3.532669763559685427e-01,-1.503213794200841094e-04,-3.836385074982470554e-05,-2.117635272456270309e-03,-4.586393233502544797e-03,7.570517656767345935e-03,3.039011929749239394e-04,-4.378935848956679727e-03,-8.924860858783346673e-01,1.000000000000000222e+00,-2.617751801802735701e-01,-1.259558500651762891e-01,-5.519827056977589380e-02,-3.933260883462315061e-01,-6.564233379305024014e-05,1.948385112944799741e-05,3.873189457671917155e-05,1.309471659256947792e-04,-1.428878024871999713e-04,3.497094397381010167e-05,-7.940135714675932875e-04,5.432160135675505232e-04,1.011050069333478728e-03,-9.813969292845408591e-04,-7.500464457275354824e-04,-2.243380460077896521e-04,-9.462062871920892291e-04,4.784467138362054166e-04,-8.048104336508645536e-04,-5.153121736343926462e-04,-1.911281298750701612e-03,-9.300485675946860379e-04,-2.142835414264924066e-03,2.308970517790713984e-03,1.575341916960410231e-03,-4.540199880030596326e-04,2.944922400335481336e-03,-6.687411320554123920e-03,-1.672148794108976096e-03,1.457967896035582654e-02,-1.123818048043794156e-02,-2.809646474106487074e-02,6.539860223372130459e-03,-1.896773055373207520e-04,6.446974213124745563e-05,9.540810866454970806e-05,-8.244764834823216273e-05,-2.111491190228188027e-04,1.416723396177892896e-04,1.187616431230289387e-03,-1.066382082037713695e-03,-3.506676167571016762e-03,-3.234930321459582054e-04
-8.269686203555332363e-03,6.436971070038261314e-03,6.645506222098730709e-03,-1.038252118582695498e-02,5.644868215840178616e-01,1.227960312185707528e-05,-2.279045235885410051e-05,-2.302599910209238501e-03,-5.132199598215545291e-03,-8.985295826490973664e-03,3.035402377767878806e-04,-1.647639479900638113e-03,-9.778900961174988304e-02,-2.617751801802788436e-01,1.000000000000000000e+00,4.966784816118453016e-01,-3.547169771129410898e-01,1.099746027486980943e-01,3.357149734553280018e-05,-1.597240939796947649e-05,-2.732245475081788750e-05,-2.734154519185983924e-05,6.784498991184988875e-05,5.659098253337696015e-06,1.054485850265680317e-03,-7.887261245726213260e-04,-1.097533229740768872e-03,1.212023283322754587e-03,2.836840198699571640e-04,2.748067827864578844e-04,4.372266517893270781e-04,-3.721582649557343648e-04,-1.319999723740368502e-03,1.008915732678479938e-03,5.124352435667873943e-04,-7.823929016158824579e-04,7.486644956042138449e-03,-6.610863903252727630e-03,-1.925945495162695656e-02,-1.074814780674924553e-03,6.400910124456651255e-04,1.074373316694217199e-02,-3.506780188957569675e-04,-8.583760188447604050e-03,7.258771610086796854e-03,1.212217492388472165e-02,-3.102388362462053188e-03,-1.304672810760622694e-04,6.351183007082340565e-05,-3.486640925172350240e-04,3.354908592231465453e-04,4.490477979557962727e-04,-5.943763925568676978e-05,5.681455312668472896e-04,-5.176673591851773445e-04,-1.373028832855558703e-03,4.682616285364889637e-05
1.572871160113279614e-03,-1.483156009061831811e-03,-2.543526312058994911e-03,-6.008062366209787722e-05,-1.916479317542403582e-02,-1.981624259188865492e-04,2.857553738112168481e-04,8.256316324971404476e-04,-2.419805187064980826e-03,6.133067673171284687e-05,5.050289031773649590e-04,-7.490756612940005499e-04,-9.813149912721108592e-02,-1.259558500651777324e-01,4.966784816118465784e-01,1.000000000000000000e+00,-2.062833712315066959e-01,-1.256942360001802317e-01,2.462612418500427112e-05,-1.141734186326543627e-05,-1.379011493675541121e-04,-2.257635795887789345e-06,3.499422230235092924e-05,-6.946867631192452000e-05,2.193825030590554527e-05,-1.909024018007913516e-05,1.813906390951480557e-04,1.331651062932830978e-04,-1.309676831528341695e-04,5.977912220133785299e-05,8.948764769563737715e-05,-1.099899214377397555e-04,6.218312208641151809e-04,-1.697580538929822095e-05,-1.052656490281288372e-04,7.259542625865151493e-04,4.289163544800088206e-03,-3.800479328631066207e-03,-8.885936508366420669e-03,1.257496331545540462e-03,1.187304132448688005e-03,6.264285250727938924e-03,-2.774241682296665987e-04,2.583307032656019346e-03,-1.775368211198279610e-03,-6.401380150548757406e-03,1.435405163433986454e-03,-1.694145207899239094e-04,1.466453180713299627e-06,-2.054158628020672298e-04,2.026105867322087030e-04,2.605339312893482852e-04,7.379176599828334287e-05,1.436405137042678990e-04,-1.203057801535038453e-04,-5.725675837097010798e-04,-1.689161773219450711e-04
-1.665997181736922697e-02,1.095785168252290734e-02,1.154209088400565478e-02,1.062043624275614551e-02,-1.184289460184250325e-01,-4.719124622051206711e-05,-2.631422714260651507e-03,2.786641584323087603e-03,-7.349259363705210046e-02,-1.326647499341979120e-02,-6.550556836314673894e-04,-1.148677454085752581e-03,3.261700774100931843e-01,-5.519827056977123086e-02,-3.547169771129426996e-01,-2.062833712315066959e-01,1.000000000000000222e+00,3.459650910061815576e-01,-7.758089670911844332e-05,4.525829422409564804e-05,1.175556487126348981e-05,1.271469418929869811e-05,-1.553003750969911539e-04,-7.720951925954227775e-05,5.859784526564258168e-04,-7.146670151095545513e-04,-1.720713721627306105e-03,-2.286237135162072417e-05,-5.117757135791345738e-03,-7.817524923603841585e-04,-1.547323907172367579e-03,8.563538201824092040e-04,2.179438005926386673e-03,-1.438220961123100848e-03,-3.173032038196162488e-03,-1.409723009380095754e-03,-3.550920664392969578e-02,3.414918892218884311e-02,1.646067931332126713e-02,-2.334895985525012319e-02,-9.881149226602412711e-03,-1.158965917784974750e-02,-1.384236656767521721e-03,-2.152932168797473331e-02,1.886375566869011658e-02,2.523039824330145647e-02,-6.867587286411405527e-03,-2.816099550429896725e-04,-7.975404605523998304e-04,-1.621715339315864604e-04,1.584979817214923585e-04,-2.216789795793621797e-04,-7.618583590713234790e-05,-4.181115973796976654e-04,3.954258064134453816e-04,-5.602373701626585508e-04,-9.624251336134020691e-04
-3.896662616330974060e-03,-9.877957510916090720e-05,3.645886945662406980e-03,2.106898542775379607e-03,2.127594288215195750e-01,2.027008849122184739e-04,-3.668125457758056231e-04,-3.087075131963196335e-03,-1.067787150484588755e-02,-3.607430103191992810e-02,-1.398868209587591366e-03,-4.372847631872945479e-03,4.840686130828473765e-01,-3.933260883462170732e-01,1.099746027486909195e-01,-1.256942360001830628e-01,3.459650910061831119e-01,1.000000000000000000e+00,3.496649798786367728e-05,7.769527283072347494e-06,-3.692122148626158330e-05,-1.684109448601257093e-04,8.144540191573520745e-05,-1.312684318116133801e-04,7.214533090026282189e-04,-5.511402648541730833e-04,-1.044830614139467210e-03,8.768403861699902322e-04,-4.162345665738735102e-04,-2.695682415621737248e-04,-1.619957078501683013e-03,1.004801760155334990e-03,-1.859223015287548696e-03,-6.315155041518042615e-05,-2.500410522864072570e-03,-7.034370719578803520e-03,-6.687712203421692855e-03,5.634445204907698526e-03,3.698869961033066523e-03,-5.094337530398019773e-03,-1.312568366290509797e-02,-1.465633359526284651e-02,-2.391479436184851433e-03,-3.784366131806551903e-02,3.045967088290199576e-02,6.093930331348534207e-02,-1.716512474689492473e-02,8.645207437566266228e-04,-1.093288831556952405e-03,4.150652429810860957e-04,-4.188992827552063224e-04,-4.768436155848696607e-04,-3.481064126649689727e-04,3.254556241073509166e-04,-2.730656724206192553e-04,-3.063477514259359269e-03,-1.337766825864863257e-03
-5.661856224836878332e-04,5.459280702334584753e-04,5.102966432575938190e-04,4.937823265995728086e-04,5.843852771638855073e-05,-1.115636185011626841e-01,2.006028387478956152e-05,5.150512854283001484e-05,-3.338095645617766838e-05,-4.210586049839697468e-05,-1.669708158070246589e-05,-3.535932278898312200e-05,5.741061307471100061e-05,-6.564233379308912235e-05,3.357149734554412332e-05,2.462612418501171146e-05,-7.758089670912647997e-05,3.496649798787941177e-05,1.000000000000000000e+00,-9.184384643584168062e-01,-4.130955704215700797e-01,-7.769458191618081044e-02,5.066399840657831444e-01,-1.765173541050324424e-02,-7.363124027481060042e-05,7.411332897396062159e-05,6.373958230366618999e-05,1.418016312307294091e-05,6.705518689078878857e-05,1.514830352089645175e-05,-3.040753797232201983e-05,1.451484682969084332e-05,4.762526994915681090e-05,-2.951355517623275855e-05,-7.130964069199466088e-05,-1.907282333846316260e-06,2.233298020912823925e-04,-3.184418104198623312e-04,3.263038157708221597e-04,-6.606158225515289814e-04,-1.708809463711801965e-04,-2.797983020677006528e-04,5.428218357123092059e-06,2.095085953527095826e-04,-1.965251262898509927e-04,-2.302997629917937134e-04,4.722149514306864352e-05,-2.175997213257423090e-05,1.015784975148394647e-05,-1.220713734469494006e-05,1.182426889001500099e-05,3.200576006304121992e-06,9.194505415534768818e-06,1.916274234872838080e-05,-1.736380632116455737e-05,-3.291071062675077788e-05,8.192788464859343105e-06
2.981771816088353935e-04,-2.830332478379839396e-04,-2.510201331716645787e-04,-3.517981194842667819e-04,-2.634262829265812737e-05,9.310171582841914040e-02,-1.570219830179406402e-06,-2.218841974804463957e-05,3.979985511581050022e-05,1.117082923170839993e-04,6.133371489963538759e-06,1.812698469507632477e-05,-1.235292215945206524e-05,1.948385112955771528e-05,-1.597240939799984431e-05,-1.141734186328131475e-05,4.525829422409732177e-05,7.769527283026218079e-06,-9.184384643584179164e-01,9.999999999999998890e-01,1.055592915711714569e-01,-6.314419488584460671e-02,-2.513543501450916096e-01,-7.703359283955101000e-02,3.457190958881455154e-05,-3.462314089279773082e-05,-2.651771424665771561e-05,-6.444298108021771910e-06,-2.783582637074056779e-05,-4.179213404374317907e-06,2.199117364790879292e-05,-1.087050406639529722e-05,-2.322093530082502071e-05,1.607416841204764937e-05,4.897155480516431671e-05,2.365347778742036444e-05,-9.080700821244938354e-05,1.458564228121399351e-04,-1.679939305076797948e-04,3.738818438143871859e-04,1.663032233254997455e-04,1.456097060816669518e-04,-4.046401572676477895e-06,-2.017208542831959548e-04,2.121482122538472588e-04,7.248268735561096121e-05,-4.136211946371734196e-06,1.136494035652670254e-05,-7.264453624131607725e-06,6.740896030668593931e-06,-6.560178248157682986e-06,-1.466780234339973996e-06,-1.276114537321747004e-06,-1.128876807413131069e-05,1.024174998761740897e-05,1.762172882266126246e-05,-5.884597981659618160e-06
8.412578193025513525e-04,-9.396268757091704804e-04,-8.291074680656987644e-04,-1.041558530095859506e-03,-2.039071075738033514e-04,4.611661608399454382e-01,-1.004606819054564552e-04,-1.493058024908952900e-04,-8.360978836406747928e-04,-7.843432231946103174e-04,9.719838903736470112e-05,9.010250938544194757e-05,-7.556924969084985889e-05,3.873189457651583621e-05,-2.732245475076300315e-05,-1.379011493675304494e-04,1.175556487128324940e-05,-3.692122148617500975e-05,-4.130955704215646951e-01,1.055592915711659474e-01,1.000000000000000000e+00,3.761806118102212770e-01,-5.123222677841862138e-01,5.272999451742967914e-01,1.743747063506000887e-04,-1.258821683227296815e-04,-2.275107578858974271e-04,2.268789180910278625e-04,7.793415508437912529e-05,2.510643735326580249e-05,1.603051050210638507e-05,-8.279260660522315768e-06,-1.069217053365977644e-04,5.994645830775195678e-05,4.463276242851224688e-05,-1.569391746531251155e-04,-3.469913048076081344e-04,4.432638905402530322e-04,-8.180299996233377294e-04,6.330327019450865357e-04,-3.467186096611283674e-04,3.530791922054504067e-04,7.794952263900627328e-06,2.913313154938544365e-04,-4.373635116984343502e-04,7.081416436760793647e-04,-2.139997728772609516e-04,2.390229677326067596e-05,-7.180554367956228701e-06,7.387798017742683278e-06,-5.935854499245217315e-06,-5.411008424731190615e-06,-1.044653204343623499e-04,-3.842972204025601590e-05,3.542698273163600648e-05,7.846261915498209459e-05,-1.313370361366575732e-05
1.639962597081151953e-04,-9.290792358522346063e-05,-1.909210863681645839e-04,9.413081470828414243e-04,1.057499800249975254e-05,-4.047811037823029756e-01,-1.032770443955064334e-05,7.218967940763542604e-06,5.643827981939474525e-04,-5.388277129435263551e-05,-2.409912797163953204e-05,-1.895822630285129261e-05,-1.263300990076789729e-04,1.309471659256617653e-04,-2.734154519185036264e-05,-2.257635795883574086e-06,1.271469418930106133e-05,-1.684109448601155449e-04,-7.769458191617850673e-02,-6.314419488584734064e-02,3.761806118102207219e-01,1.000000000000000000e+00,-3.182138760571324720e-01,2.318742029490006296e-01,1.120727714177465591e-05,-2.973347490602605583e-05,1.364987155381710727e-05,-8.602403515220868738e-05,-1.136720932950131049e-04,-3.751181766441687431e-05,-1.901855191328139351e-05,1.223302639028280973e-05,5.090065761626035671e-06,-1.177644721536167744e-05,-3.060279305183033770e-05,-4.973506108878555059e-05,-1.672285786930258233e-04,1.775243189329092739e-04,1.105900515151410672e-04,1.470544154941105851e-04,-1.107991138066530062e-04,7.889161665357653688e-05,-3.661340128262905768e-06,1.661234142231113862e-04,-2.063590210621736869e-04,1.663259493995808609e-04,-5.878423878857315507e-05,9.269646116095071976e-06,6.815413122456693864e-06,6.337756871138061765e-06,-6.678716103782443903e-06,-1.426436000027639058e-06,2.771561878222432394e-05,1.346673185836593550e-05,-1.274973069110208582e-05,-1.922192687679011341e-05,1.119834623186411558e-05
-1.057581007000304779e-03,9.796135017373231845e-04,9.349694486171718525e-04,6.518401533423621302e-04,8.385774216851253941e-05,-8.381798081923989840e-02,1.954603966779265993e-05,7.500229119228367597e-05,-3.637008846329162410e-04,-2.588481770121254426e-04,-1.125556059308645068e-05,-5.191802103887880964e-05,1.188320135027990884e-04,-1.428878024872319010e-04,6.784498991185657015e-05,3.499422230235716341e-05,-1.553003750970027277e-04,8.144540191573993728e-05,5.066399840657834774e-01,-2.513543501450914985e-01,-5.123222677841886563e-01,-3.182138760571335268e-01,1.000000000000000000e+00,5.952106989100637569e-02,-1.226049309120131182e-04,1.331983936217485389e-04,8.672577938241302574e-05,7.137766505781814738e-05,1.592097312829630852e-04,3.735992456861153717e-05,-5.833734806716314578e-05,2.727606424077903518e-05,7.644877907925221234e-05,-4.746488857360955385e-05,-1.371398652989411855e-04,-3.303004253621313874e-05,4.095273090884965213e-04,-5.919863767329507911e-04,5.050160381926120006e-04,-1.283591655732858579e-03,-4.261616557068015061e-04,-5.229958318438246738e-04,1.390879803845054488e-05,4.988797130601622725e-04,-4.981539073419177311e-04,-3.618784205577110454e-04,6.100463954190679249e-05,-4.214180855037928712e-05,1.901801441432968793e-05,-2.506689311086656327e-05,2.461241679569759608e-05,5.756097455887685042e-06,-6.009139725720657950e-06,3.007649491794150002e-05,-2.703583100003456000e-05,-4.934028395416018502e-05,1.284568459964916968e-05
6.060848456171342644e-05,-2.442069546617016461e-04,-2.504335389615213467e-04,-3.434402686711751835e-04,-1.420776811062692327e-04,2.324573799284294917e-01,-1.365033768616869350e-04,-1.224802906592888530e-04,-1.296074658180584394e-03,-1.367420868796676145e-03,9.887315032466238609e-05,6.014153789206187057e-05,-9.145529301277045744e-05,3.497094397392909963e-05,5.659098253306940249e-06,-6.946867631193978014e-05,-7.720951925955414977e-05,-1.312684318116619524e-04,-1.765173541049987888e-02,-7.703359283955431291e-02,5.272999451742956811e-01,2.318742029490006573e-01,5.952106989100797163e-02,1.000000000000000000e+00,9.835233773156120589e-05,-5.864727871352999383e-05,-1.865915428180767318e-04,1.860862477093876903e-04,8.642747460785818621e-05,1.083318125590433321e-05,-4.933595689156423020e-05,2.417553103889705127e-05,-6.530369890739796057e-05,2.719977325891175749e-05,-9.728006999421595267e-05,-2.843556269711566570e-04,-2.374168866287202631e-04,1.885368123463502610e-04,-4.642505672886810186e-04,-3.400999466189458384e-04,-9.771182435387576470e-04,2.794386018392043037e-05,2.300864196670197623e-05,1.079835311137693427e-03,-1.302383190334980905e-03,6.571159928694831351e-04,-2.655642234247761104e-04,-3.534243470928076963e-06,1.403986416638663651e-05,-1.031631554185541366e-05,1.151757186216180474e-05,-2.706051342124917996e-06,-1.185472759890739494e-04,-1.408375512115309008e-05,1.349895307979086153e-05,4.640346879418939037e-05,1.918998553455736241e-06
-1.869490622557162633e-03,1.165333685759932947e-03,3.140489687360191982e-03,3.832153149598308602e-03,2.049000769069435346e-03,1.803108694904437422e-04,-7.919137093741544786e-02,-1.266734492661817420e-03,-6.916105413054060222e-03,1.049722857595095446e-04,2.798850649412111080e-04,-4.496303299302145131e-05,8.475729350274292849e-04,-7.940135714665103863e-04,1.054485850280141839e-03,2.193825030411229520e-05,5.859784526767563423e-04,7.214533090475060573e-04,-7.363124027495642561e-05,3.457190958888890070e-05,1.743747063501537226e-04,1.120727714170338148e-05,-1.226049309121217553e-04,9.835233773203608644e-05,1.000000000000000000e+00,-9.808450170348227415e-01,-7.616168783742751636e-01,-4.158302079628338754e-01,5.471451348384430702e-01,-8.397735915113220539e-02,-4.086180211007245443e-04,1.503330358533533524e-04,-4.502283288807449571e-04,-5.681572953972979193e-05,-1.013658661570618130e-03,-5.770214960761814796e-04,-1.872014123606778428e-03,2.282160523160910517e-03,3.530351814200203609e-04,-6.093561445868157442e-04,4.537198569892521294e-04,4.660899041403147001e-03,4.746048666688953831e-06,-3.783422910415282702e-04,3.429286668266866896e-04,1.367480617621982060e-04,-1.375166655678687112e-04,-1.451522895675258365e-04,1.117791689439099701e-05,-2.005116418132825656e-04,1.954193956192403912e-04,2.382720148408367961e-04,1.083856086321060175e-04,2.232702040209941113e-05,-2.013537485809976737e-05,-4.086351040839750475e-05,7.680101255741490481e-06
2.705313771674422267e-03,-1.907510293329943733e-03,-3.302218170381641081e-03,-2.868162299583285751e-03,-1.548497145834103281e-03,-8.963264957370629146e-05,2.076823335483855837e-02,1.526319550494120497e-03,9.155641097848252891e-03,4.271122260106171220e-04,-2.420619351431860982e-04,4.410834025485459750e-05,-5.969130016691373986e-04,5.432160135657734075e-04,-7.887261245871886664e-04,-1.909024017817023122e-05,-7.146670151302349488e-04,-5.511402648996415951e-04,7.411332897411421238e-05,-3.462314089287897145e-05,-1.258821683222748858e-04,-2.973347490595163890e-05,1.331983936218598594e-04,-5.864727871401388004e-05,-9.808450170348225194e-01,1.000000000000000222e+00,7.182530237142694673e-01,5.031944246021564648e-01,-4.608129567501387247e-01,1.796343465465291833e-01,4.315305035115866560e-04,-1.488053960910536557e-04,5.714478629126999460e-04,9.400453938083670361e-06,1.096201255798093417e-03,6.971329535585629950e-04,2.620414935362990350e-03,-2.993855112896892916e-03,3.816610323898848725e-04,1.745612580667709997e-03,-2.759945196973357306e-04,-3.677310077891040446e-03,2.051611422905793008e-06,7.493332921040666596e-04,-6.589318092199801654e-04,-1.650228043423187358e-04,5.082131870211412843e-04,1.470358027531535597e-04,-9.773661473087636166e-06,1.937033997218118146e-04,-1.894379917448674449e-04,-2.051526153507366237e-04,-9.388924421043852821e-05,-2.143943202338771906e-05,1.955480325563327233e-05,3.988745213794385138e-05,-8.395481190970170444e-06
5.894214119422559565e-03,-3.725944320548653724e-03,-5.133559337964084014e-03,-4.067062944622382679e-03,-3.672164145244734973e-03,-2.705183946747694566e-04,6.168976663857289600e-01,4.073132688630705009e-04,2.155321513110488446e-02,-9.828135509929261139e-04,-7.679026181649113974e-04,1.549762641062167698e-04,-1.395906552133788486e-03,1.011050069332383684e-03,-1.097533229751279779e-03,1.813906390965129578e-04,-1.720713721642234267e-03,-1.044830614172283191e-03,6.373958230377653467e-05,-2.651771424671575092e-05,-2.275107578855709196e-04,1.364987155387020099e-05,8.672577938249474748e-05,-1.865915428184233512e-04,-7.616168783742811588e-01,7.182530237142757956e-01,1.000000000000000000e+00,4.153527041208040504e-01,-3.840279213531195834e-01,2.901209816082960316e-02,1.130588360633242315e-04,6.355519218027954047e-05,-1.138266366749184246e-04,-2.019601667529682224e-05,6.839068039579681993e-04,-5.679744487716528213e-04,5.235091516512305025e-03,-5.714013397303912417e-03,1.442739190828032586e-03,2.488195249271789311e-03,-1.156022214033164495e-03,-1.394496690469544664e-02,1.597346341291141199e-05,1.087024166391096450e-03,-1.251949245270026975e-03,4.025305218855997416e-04,-3.861998382196388745e-04,4.196245443612607725e-04,-2.664199404569640798e-05,5.157169481621070358e-04,-5.033195252415903573e-04,-5.928501818642508900e-04,-3.160571585225504057e-04,-7.358100728192037282e-05,6.773748531175063090e-05,1.390735552652924061e-04,-3.113678136166195818e-05
2.596351657131156128e-03,-2.410905077740453477e-03,-4.496073721573983569e-04,3.043004642484995088e-03,1.894995778976578350e-03,4.393496883622350626e-04,-9.537421759263534082e-02,2.431809548022168064e-03,5.416259892033543910e-03,4.202287457638272951e-04,-2.336795184307492138e-04,2.393884041222415224e-04,9.596510845689966126e-04,-9.813969292859104233e-04,1.212023283315536836e-03,1.331651062942885056e-04,-2.286237136198111279e-05,8.768403861473521993e-04,1.418016312315244343e-05,-6.444298108064453900e-06,2.268789180912557347e-04,-8.602403515217160767e-05,7.137766505787556943e-05,1.860862477091439887e-04,-4.158302079628367065e-01,5.031944246021593514e-01,4.153527041208032733e-01,1.000000000000000000e+00,5.800642993504438044e-02,1.724295739153709761e-01,8.093900147748975336e-05,9.192246219958308240e-05,1.154852436538632114e-03,-4.961873189545506352e-04,5.304874985586807267e-04,7.209526405431555904e-04,1.828530727726295109e-03,-1.801751584897850512e-03,3.327673868827553589e-04,1.697468285514279040e-03,1.596450861222592065e-04,-5.243241702767418091e-03,6.126305237744394776e-05,3.532932859939437171e-04,-3.989080860626790202e-04,4.474354349319348560e-04,-6.165684778686891278e-04,1.781743985041591338e-04,-2.560060849936187933e-05,1.827433071269370232e-04,-1.780873430394074042e-04,-1.952725514625190380e-04,-7.298626233841345274e-05,-1.027999349631178889e-04,9.551110516536929303e-05,2.095292798358717524e-04,-4.069497092774721191e-05
1.636753006745909900e-02,-1.236672034222332378e-02,-1.058471208236357562e-02,1.158053455980108523e-03,-4.003695825214815737e-05,2.974980934125925382e-04,-2.257580640778597825e-01,-2.709574774399864730e-03,5.889592093090931235e-02,4.755214567525421418e-03,1.673916476082787136e-04,-5.294891139745553374e-04,3.642730162363170599e-04,-7.500464457265883234e-04,2.836840198766661528e-04,-1.309676831537281484e-04,-5.117757135781775268e-03,-4.162345665529296516e-04,6.705518689071458848e-05,-2.783582637070077757e-05,7.793415508417353345e-05,-1.136720932950470539e-04,1.592097312829059206e-04,8.642747460807955319e-05,5.471451348384493985e-01,-4.608129567501451640e-01,-3.840279213531223590e-01,5.800642993504255551e-02,1.000000000000000000e+00,1.500500818255255664e-01,3.239340261926106405e-04,-8.118736034303254668e-05,-2.001504022692213863e-03,5.755206260982338512e-04,1.166543865774612512e-03,-1.093281684844587274e-03,2.316730557258668208e-02,-2.256210286366241990e-02,1.132708007234656256e-02,3.106991006452562709e-02,3.266097506992468764e-03,4.026428306356351176e-03,-5.385180611969345131e-06,8.602116859992462589e-03,-8.464983629033999077e-03,-3.383976082623584968e-03,1.652120400884701714e-03,8.879189709156470531e-04,7.958366852921984372e-05,5.617009339064812749e-04,-5.565500995175976700e-04,-6.299141601881030981e-05,-3.268809035300406629e-05,2.293371281453999749e-04,-2.077129785975960030e-04,-4.641514930295088698e-04,5.961544520497553739e-05
2.791912926763503739e-03,-2.194436147955703374e-03,-1.511126212651141927e-03,1.047417968060516437e-03,2.998688805214808789e-04,9.786514349464112226e-05,-6.120089164433224760e-02,6.087224450415436739e-04,8.841095187248406220e-03,2.381513989450663796e-03,1.744150373818689791e-04,-2.889465099363393310e-05,1.222001052455384286e-04,-2.243380460108160127e-04,2.748067827845550553e-04,5.977912220201825761e-05,-7.817524923639332943e-04,-2.695682415692396330e-04,1.514830352092139687e-05,-4.179213404386984438e-06,2.510643735334999079e-05,-3.751181766440312527e-05,3.735992456862779343e-05,1.083318125581755638e-05,-8.397735915111666227e-02,1.796343465465131406e-01,2.901209816081779663e-02,1.724295739153613172e-01,1.500500818255330326e-01,1.000000000000000000e+00,9.201853818208784218e-05,-1.896854046747221419e-05,2.531994759260084143e-04,-1.979027866539424902e-05,2.687012799065111512e-04,5.189290649067567184e-05,2.897627463840652794e-03,-2.757659392400429402e-03,2.179587833830323555e-03,3.904710610613794375e-03,2.902748174928401759e-03,3.526322418534975911e-03,2.403209697475218144e-06,2.933673642858211465e-03,-6.494083772957254513e-04,-2.429428315965228343e-03,1.910950435540219663e-02,-6.670541733906753395e-04,-1.035078372940964188e-05,-7.536356486507600884e-05,6.424705657072035409e-05,1.792068436228404812e-04,7.198637405803609004e-05,6.381467499476241483e-06,-5.980601654784399343e-06,-2.179080228561258814e-05,-2.413951558915802626e-06
-9.394756080318283908e-03,9.377853038599335764e-03,5.137927288432684453e-03,7.601195784747273934e-03,1.138571508839705511e-03,3.699529883468377867e-05,-2.076612087684660455e-04,-1.774628335383274524e-01,-3.782137230654761869e-03,-1.561035752282047316e-03,2.182990079657727133e-04,1.314242019780999726e-03,6.460442594003084401e-04,-9.462062872046616375e-04,4.372266517920689712e-04,8.948764769077741381e-05,-1.547323907122226047e-03,-1.619957078498157621e-03,-3.040753797265422954e-05,2.199117364809460146e-05,1.603051050191494207e-05,-1.901855191345715624e-05,-5.833734806770445405e-05,-4.933595689392085204e-05,-4.086180211006649131e-04,4.315305035112349951e-04,1.130588360623723969e-04,8.093900147761607647e-05,3.239340261779812295e-04,9.201853818052446331e-05,1.000000000000000000e+00,-9.230143433980554368e-01,-2.362492695006351284e-01,5.384049122462624126e-01,3.987416427550974918e-01,1.687380314669604808e-01,6.480459717201362581e-03,-7.015429562506755694e-03,-1.197475898313738211e-03,1.604650648791423797e-03,-1.722812183864795349e-03,-9.448501007218900599e-03,-1.838820830414882761e-04,4.995844565607405682e-03,-5.675312836522313290e-03,3.123357538106919374e-04,-1.226616895095473470e-03,9.477956819132932220e-05,-5.770441860000417303e-04,5.021180307967965155e-05,-4.817386276701669145e-05,-3.130054029136108436e-05,-4.148086035409995838e-04,-9.293761968205690527e-04,8.584088590987202887e-04,1.331220134792229174e-03,-6.405547990156339232e-04
6.481919369482854083e-03,-6.684647008781381163e-03,-3.116473399877353265e-03,-6.047408677475238012e-03,-9.515686224985076772e-04,-2.213589512684681145e-05,3.302851624099824757e-04,1.669214277050461437e-01,2.418479285617217665e-03,2.505970956129664303e-05,-2.392092266468100366e-04,-9.421406905610295313e-04,-2.993451748791024249e-04,4.784467138541767723e-04,-3.721582649598563389e-04,-1.099899214330288564e-04,8.563538201278395740e-04,1.004801760149824858e-03,1.451484683004921110e-05,-1.087050406659560527e-05,-8.279260660313905005e-06,1.223302639047365303e-05,2.727606424136362005e-05,2.417553104145052356e-05,1.503330358513778819e-04,-1.488053960887257381e-04,6.355519218270616112e-05,9.192246220042111647e-05,-8.118736032807664178e-05,-1.896854046541901311e-05,-9.230143433980527723e-01,1.000000000000000000e+00,-5.159679461005910878e-02,-5.254028674699602330e-01,-1.642147519891955232e-01,-9.078417698911764311e-02,-2.489731536852794226e-03,2.700320648675888155e-03,5.899611565907644014e-04,-6.309578666562774742e-04,7.960490728731459478e-04,4.323222230765320744e-03,5.992587452307324717e-05,-2.593006710588020413e-03,2.947948002162891542e-03,-2.230869571450006797e-04,6.619358808418265589e-04,-3.352499993153957344e-05,3.707395599696594840e-04,-1.487639612075305877e-05,1.238816602820407760e-05,1.553198256389236114e-05,3.222551069598574448e-04,6.495799233156810282e-04,-6.033553182910706639e-04,-9.453697463774882919e-04,4.595641003908583662e-04
1.222903239276322551e-02,-1.342114008444705679e-02,-5.985056370331835393e-03,-1.171291974432867380e-02,-4.230235634226139213e-03,-1.152608710174575052e-04,1.821141066668292710e-03,5.332600673919960510e-01,2.206948268746935539e-03,-8.336411907539968691e-03,-6.108062911065482428e-05,-1.910197399191901086e-03,7.813894046377570669e-04,-8.048104336558514500e-04,-1.319999723739116466e-03,6.218312208643915441e-04,2.179438005929420271e-03,-1.859223015285802480e-03,4.762526994913886057e-05,-2.322093530081455138e-05,-1.069217053366087691e-04,5.090065761615485029e-06,7.644877907922330480e-05,-6.530369890753123612e-05,-4.502283288805247015e-04,5.714478629124613131e-04,-1.138266366751348855e-04,1.154852436538529982e-03,-2.001504022692910788e-03,2.531994759258877426e-04,-2.362492695006221943e-01,-5.159679461007250084e-02,1.000000000000000000e+00,-1.302997364132145106e-02,-3.508874966093537551e-01,1.220566952876874223e-01,-9.301353664080950004e-03,9.975432298981911500e-03,8.243602913830207950e-04,-3.162467873324225406e-03,9.071673868296418423e-04,1.285233991152777942e-02,-6.994609150368113516e-05,1.210448578639438917e-03,-2.189845869643311516e-03,4.129184881519326437e-03,-2.025856811971770560e-03,7.080623806315292536e-06,2.938849375078692494e-04,-2.942552277555422708e-05,2.955013864798697836e-05,-3.350872505416560375e-05,-1.273967180442464120e-03,9.228576253860904790e-04,-8.507566498869640519e-04,-1.718253440629149368e-03,4.076830748102058745e-04
-1.237064429777022176e-02,1.339620958812925804e-02,6.027669410918886847e-03,1.300077033053863643e-02,2.684035266239012587e-03,7.441688128391357564e-05,-9.291153771163262283e-04,-4.200074949186621831e-01,-2.983491221257731762e-03,5.536462852046256274e-03,5.254893507981980762e-04,1.986584860466362231e-03,3.510761327679771926e-04,-5.153121736444738832e-04,1.008915732680818996e-03,-1.697580539170064694e-05,-1.438220961094356480e-03,-6.315155041196720328e-05,-2.951355517642132502e-05,1.607416841215332181e-05,5.994645830764141559e-05,-1.177644721546263530e-05,-4.746488857391748081e-05,2.719977325756786857e-05,-5.681572953843713156e-05,9.400453936602470623e-06,-2.019601667676123040e-05,-4.961873189551198413e-04,5.755206260904996950e-04,-1.979027866653545651e-05,5.384049122462645220e-01,-5.254028674699633417e-01,-1.302997364133004314e-02,1.000000000000000000e+00,2.391612158964303014e-01,-6.987507890740153604e-02,4.601143904472471992e-03,-4.954931279868981381e-03,-5.931865474944826881e-04,1.469483979603878644e-03,-7.282538181460193518e-04,-7.532561386100527535e-03,7.794397069450487408e-05,4.062996555003039871e-04,7.028427458657428634e-06,-2.316014412108588494e-03,8.879013344370844394e-04,-3.604856653085078047e-05,-4.782537565038446378e-04,-9.291493864912659024e-06,1.464866329063463569e-05,8.893830916089629003e-06,-1.251154263413810873e-04,-1.140629863021376793e-03,1.061419237008735198e-03,1.877081459839138834e-03,-6.987330732958860636e-04
-1.469714309372303560e-02,1.404592763325433757e-02,9.509714868218643521e-03,9.273144554747141111e-03,1.466494078255833932e-03,7.732592780915855844e-05,1.964901176047593567e-04,-1.501312716848038353e-01,-6.275419646139529864e-03,-4.999443387430712628e-03,1.271405640120980888e-05,1.958000049437222650e-03,1.386592961575826202e-03,-1.911281298759277001e-03,5.124352435689234894e-04,-1.052656490282018040e-04,-3.173032038186900366e-03,-2.500410522860913639e-03,-7.130964069205686698e-05,4.897155480519986499e-05,4.463276242848119126e-05,-3.060279305186192186e-05,-1.371398652990403358e-04,-9.728006999463459023e-05,-1.013658661561650260e-03,1.096201255788901768e-03,6.839068039512167640e-04,5.304874985541201387e-04,1.166543865776247706e-03,2.687012799046148274e-04,3.987416427550972142e-01,-1.642147519891958285e-01,-3.508874966093561976e-01,2.391612158964293855e-01,9.999999999999998890e-01,3.124595702575161948e-01,1.724542397571127844e-02,-1.864127792856785579e-02,-2.621106115059875473e-03,4.306917814745044384e-03,-3.934489946448320105e-03,-2.259027931828979513e-02,-4.888209695229050458e-04,9.947383333629166574e-03,-1.119705112919490604e-02,-7.485564696655080843e-05,-2.148547382890441792e-03,2.448623123519716948e-04,-9.489886276255735846e-04,1.436069685013715018e-04,-1.444537620353224380e-04,-6.214152793060923594e-05,-3.438393130326725632e-04,-1.394892684801107971e-03,1.276326111205393354e-03,1.990274721498757216e-03,-8.939852987415375027e-04
-3.319393553728691281e-03,1.136440057301126580e-03,7.063234819559827387e-04,-2.592145369653911773e-03,-2.028063417372425771e-03,-1.040152386747910171e-04,3.189305615670226307e-04,2.127905612735848939e-01,-7.394139413823713237e-03,-2.035977936167929214e-02,-3.091610117419427758e-04,-2.901521227836280554e-04,2.379457431610799425e-04,-9.300485675996228441e-04,-7.823929016146711872e-04,7.259542625864873937e-04,-1.409723009375003690e-03,-7.034370719577059256e-03,-1.907282333883254520e-06,2.365347778744225516e-05,-1.569391746531405112e-04,-4.973506108880368387e-05,-3.303004253627018810e-05,-2.843556269713884595e-04,-5.770214960695248035e-04,6.971329535517530127e-04,-5.679744487766428618e-04,7.209526405397779754e-04,-1.093281684842865127e-03,5.189290648933141023e-05,1.687380314669778836e-01,-9.078417698913690548e-02,1.220566952876879913e-01,-6.987507890739179384e-02,3.124595702575190814e-01,1.000000000000000000e+00,1.973276844671084315e-03,-2.256220115999270706e-03,-2.353327714683509965e-03,-4.480642280906242127e-04,-3.302975249856276822e-03,-5.375541750784150301e-03,-7.506829081707377428e-04,1.828907421303109168e-02,-2.256034111856061036e-02,1.055451837351442310e-02,-8.445308859989134054e-03,4.097499467744439967e-04,-1.011489960244835867e-03,1.610406405389705952e-04,-1.639580128292750683e-04,-1.471456797918581686e-04,-1.468414106659259467e-03,-6.420963381957126319e-04,5.878901797826481708e-04,1.367940181365191472e-04,-8.443264255467272574e-04
-1.543211632369393717e-02,1.900826434883792423e-02,1.778985122489474061e-02,1.180528473820313846e-02,4.887675179262488713e-03,-1.002375233877994049e-04,6.598520710607214644e-03,-7.582551394932640285e-03,1.029083176116623866e-01,-6.099528338307643946e-04,1.282256626069771394e-02,-7.446560078505380653e-03,-3.192949144811224257e-03,-2.142835414264287856e-03,7.486644956042010947e-03,4.289163544800772554e-03,-3.550920664393095866e-02,-6.687712203423270586e-03,2.233298020911657323e-04,-9.080700821235809371e-05,-3.469913048074936969e-04,-1.672285786929962517e-04,4.095273090883783974e-04,-2.374168866286957601e-04,-1.872014123704604472e-03,2.620414935462782487e-03,5.235091516583832011e-03,1.828530727776949902e-03,2.316730557254175274e-02,2.897627463858899483e-03,6.480459717283506942e-03,-2.489731536941713116e-03,-9.301353664076052880e-03,4.601143904518286906e-03,1.724542397572557603e-02,1.973276844679438310e-03,1.000000000000000222e+00,-9.852967643927802444e-01,-7.999219689557373059e-01,5.950196872721710273e-01,1.033227695135098823e-01,7.043282848135668786e-04,3.786751391323296776e-03,5.025143222339778504e-02,-4.684077587582120838e-02,-3.210866511577511323e-02,1.070817040902094681e-02,1.783302309057498841e-02,2.041341808974026992e-03,1.103518247141003009e-02,-1.077233003817743527e-02,-2.475704992808976102e-03,-1.637051930977865589e-03,3.007583051485857549e-03,-2.506384236036076057e-03,-6.437654485399974674e-03,-7.186829222145983079e-04
3.346232591313526555e-03,-9.653149468536192240e-03,-7.651031375576317420e-03,-7.961882902028406817e-03,-3.753136452825056330e-03,1.830196916062330618e-04,-7.464267891971518472e-03,8.080999713818893052e-03,-1.285506369566454254e-01,-4.262136289355180144e-03,-1.153422405579222938e-02,7.766581355900717583e-03,2.606389091453850324e-03,2.308970517760057517e-03,-6.610863903244705402e-03,-3.800479328627922454e-03,3.414918892219150071e-02,5.634445204920941405e-03,-3.184418104197581393e-04,1.458564228120578881e-04,4.432638905401549661e-04,1.775243189328839036e-04,-5.919863767328485508e-04,1.885368123463294714e-04,2.282160523306123352e-03,-2.993855113044922942e-03,-5.714013397410175506e-03,-1.801751584972228733e-03,-2.256210286359499814e-02,-2.757659392427244758e-03,-7.015429562566812688e-03,2.700320648740817120e-03,9.975432298978232151e-03,-4.954931279902694864e-03,-1.864127792857838903e-02,-2.256220116005432444e-03,-9.852967643927788011e-01,9.999999999999998890e-01,7.540230694767449116e-01,-5.430327226880766744e-01,-1.478694624060624199e-02,-1.057376415444032276e-02,-3.918036739924491210e-03,-3.861048947187187969e-02,3.754580198034827843e-02,2.303665792560264519e-02,-4.154864248260546102e-03,-1.656611116345888673e-02,-2.179204754996527226e-03,-1.023014328214876326e-02,1.000020177051686235e-02,2.378253624978777809e-03,1.766087692267550311e-03,-3.200245096215181221e-03,2.677714737632213866e-03,6.745681519695218183e-03,6.430358601646312799e-04
1.208678211141707703e-01,-9.162896294243989825e-02,-1.032110660829053811e-01,-3.985386664186425787e-02,-2.156276594694036403e-02,-1.018609569125922569e-03,7.303530722006603727e-03,5.832048062585682997e-04,3.098300145046943288e-01,4.812131441980795066e-02,-1.095277859920447405e-02,4.102384120347805224e-03,5.605878922605916914e-03,1.575341916928372056e-03,-1.925945495161857784e-02,-8.885936508363067449e-03,1.646067931332416412e-02,3.698869961046788186e-03,3.263038157708643351e-04,-1.679939305077051922e-04,-8.180299996234106962e-04,1.105900515151347788e-04,5.050160381926652349e-04,-4.642505672887208088e-04,3.530351816437031953e-04,3.816610321618372570e-04,1.442739190664074330e-03,3.327673867677844463e-04,1.132708007245084372e-02,2.179587833789100454e-03,-1.197475898338942876e-03,5.899611566179375436e-04,8.243602913810333440e-04,-5.931865475083917009e-04,-2.621106115064246542e-03,-2.353327714686530986e-03,-7.999219689557365287e-01,7.540230694767442454e-01,1.000000000000000222e+00,-3.280372095024797208e-01,-1.413082685602709276e-01,1.151247877627972899e-01,-2.252048262030354863e-03,2.878043178267503024e-03,-7.861720808189576887e-03,1.703072481071983210e-02,-6.790576865673365013e-03,-9.512139820913204785e-03,-1.129553274186554475e-03,-5.634553266626911132e-03,5.434423616768452141e-03,1.206813546521610893e-03,-6.510444552627732634e-04,-1.544372199383793783e-03,1.257173295050905033e-03,3.494598323599574889e-03,6.485488432285413385e-04
-7.647261410799696679e-02,6.918087705423012213e-02,6.392295053833625673e-02,2.301314935226303135e-02,-5.291016112326358233e-04,4.357987604009504754e-04,1.680713801582696182e-03,-3.282292823077857628e-03,9.623541875192060530e-03,-2.446591869062057084e-02,2.309344595074133352e-02,-3.675818847608213619e-03,-6.897013512015113699e-04,-4.540199880389381051e-04,-1.074814780665518232e-03,1.257496331550479870e-03,-2.334895985524937725e-02,-5.094337530384806384e-03,-6.606158225515752769e-04,3.738818438144181399e-04,6.330327019451500699e-04,1.470544154941085793e-04,-1.283591655732911922e-03,-3.400999466189194380e-04,-6.093561447307917212e-04,1.745612580814538076e-03,2.488195249377196314e-03,1.697468285588240927e-03,3.106991006445885065e-02,3.904710610640464447e-03,1.604650648818900299e-03,-6.309578666858998292e-04,-3.162467873322449483e-03,1.469483979619255016e-03,4.306917814750008296e-03,-4.480642280876531193e-04,5.950196872721777996e-01,-5.430327226880840019e-01,-3.280372095024847168e-01,1.000000000000000222e+00,1.931581031594625519e-01,6.118873100245682956e-02,1.792132067024421920e-03,6.799792988578015618e-02,-6.099230777286070854e-02,-5.246430805765033012e-02,2.040046063585219255e-02,2.981765349012182806e-02,1.024164217923474122e-03,1.846365084739308438e-02,-1.800760630788636463e-02,-4.153676633920570793e-03,-3.773140409734557395e-03,1.560457756553277177e-03,-1.317927390054572613e-03,-3.213480967007501313e-03,-2.000298229366182152e-04
-3.412611203487903033e-02,2.682084898704618567e-02,2.532331021424432879e-02,6.847690226274944121e-03,7.692711047956266859e-04,-2.495898376833674266e-04,-2.168878903061363054e-03,1.631715548840474424e-04,-5.330678641800444539e-02,-1.169267404730880283e-02,2.663959036652471454e-03,2.241767073628794446e-03,-4.935517537573277935e-03,2.944922400284980066e-03,6.400910124591241944e-04,1.187304132455108433e-03,-9.881149226599956342e-03,-1.312568366288546610e-02,-1.708809463712115842e-04,1.663032233255209145e-04,-3.467186096610826683e-04,-1.107991138066586034e-04,-4.261616557068430853e-04,-9.771182435387385651e-04,4.537198572177929485e-04,-2.759945199302760253e-04,-1.156022214200686958e-03,1.596450860052904346e-04,3.266097507100198128e-03,2.902748174886715053e-03,-1.722812183781970976e-03,7.960490727835500824e-04,9.071673868335980960e-04,-7.282538180984943254e-04,-3.934489946433400616e-03,-3.302975249848276278e-03,1.033227695135078145e-01,-1.478694624060382032e-02,-1.413082685602676802e-01,1.931581031594603315e-01,1.000000000000000000e+00,-4.084989275383495155e-02,-8.656153044598927614e-04,1.482700611446614303e-01,-1.187634394603824112e-01,-1.014079492651015768e-01,1.184175847706817747e-01,6.589206003436697554e-04,-1.325194757540585841e-03,1.762748194623165203e-03,-1.620084319583664804e-03,8.021807304733113899e-04,2.059220877188243110e-03,-1.729051560567634741e-03,1.572218948856417059e-03,2.347104482998529223e-03,-1.115452814521071968e-03
9.665171306739956530e-03,-1.322084103122838023e-03,-2.630238072444750913e-02,-1.209223451502647838e-02,6.744210256127090505e-03,2.385027355063315676e-04,-9.266793767227570269e-03,1.261183357036499246e-02,4.251201385264295751e-02,2.759038750083475655e-02,1.844868825920761412e-03,-1.533834453283782016e-03,1.225737731865042925e-03,-6.687411320557262902e-03,1.074373316694295089e-02,6.264285250728231225e-03,-1.158965917784994873e-02,-1.465633359526055494e-02,-2.797983020677062907e-04,1.456097060816676024e-04,3.530791922054434678e-04,7.889161665356837826e-05,-5.229958318438471167e-04,2.794386018392476379e-05,4.660899041395674680e-03,-3.677310077883371234e-03,-1.394496690468944797e-02,-5.243241702763452514e-03,4.026428306352771574e-03,3.526322418536312515e-03,-9.448501007210407393e-03,4.323222230756250742e-03,1.285233991152800147e-02,-7.532561386095744035e-03,-2.259027931828776897e-02,-5.375541750783622945e-03,7.043282848172439502e-04,-1.057376415444738829e-02,1.151247877627898653e-01,6.118873100245436625e-02,-4.084989275383388296e-02,1.000000000000000222e+00,6.147407950433047500e-04,2.697080997444306974e-03,-5.688760946567805211e-03,1.248343360702186197e-02,-6.397669712162480822e-03,9.151538005628097674e-04,5.490564430113919168e-04,-2.749948044257560721e-04,1.609221909351612383e-04,2.246781270134189101e-03,-1.341216519523586066e-02,8.487695210982235767e-04,-7.519974485222263210e-04,-1.437249441341056184e-03,2.709413338926818069e-04
1.175549498529599455e-03,-1.277476146700649287e-03,-6.229857358593261091e-04,-1.976414068870809948e-04,4.868321495723102973e-04,1.273686497848510317e-05,1.016251400896014625e-04,-3.055435203354462509e-04,7.105331805518349392e-05,-6.577216095648743795e-04,5.670919173433641757e-05,2.120230350518278184e-01,1.443719468851161229e-03,-1.672148794528920557e-03,-3.506780187859720650e-04,-2.774241681764432225e-04,-1.384236656745806886e-03,-2.391479436021934444e-03,5.428218357155289475e-06,-4.046401572694588306e-06,7.794952263927247880e-06,-3.661340128301725288e-06,1.390879803852941889e-05,2.300864196678105862e-05,4.746048666164459172e-06,2.051611423599414736e-06,1.597346341291683300e-05,6.126305237825081101e-05,-5.385180611484746570e-06,2.403209697872029786e-06,-1.838820830351653717e-04,5.992587451653385466e-05,-6.994609150255281951e-05,7.794397069783245318e-05,-4.888209695208575300e-04,-7.506829081683200804e-04,3.786751391324157199e-03,-3.918036739924967392e-03,-2.252048262025128575e-03,1.792132067028395304e-03,-8.656153044538791256e-04,6.147407950703680625e-04,1.000000000000000000e+00,3.620490642256975547e-03,-3.696115477291438394e-03,-2.713725550069013507e-03,-4.200687658019521291e-04,6.781298816935819667e-05,3.279420743480262468e-01,3.331592458570059232e-05,-3.241342894181762843e-05,-7.168214495673309874e-06,-1.462745104485392780e-05,1.112817786587323304e-01,-7.284708877385841219e-02,8.648603655931957901e-02,2.517754415181933103e-02
2.801843255689299983e-02,-1.012552244151241482e-02,-2.185435717175524331e-02,2.714169525282074131e-03,-1.694699256201844667e-02,8.163900823862941928e-05,3.377305541175556342e-03,3.982717858028542515e-03,1.107574849709925119e-01,1.146955696235305439e-01,-6.075707268164970551e-04,6.052234090413909952e-03,-1.826846595566285897e-02,1.457967895996804472e-02,-8.583760188345732414e-03,2.583307032704648849e-03,-2.152932168795496440e-02,-3.784366131791368909e-02,2.095085953526673529e-04,-2.017208542831893953e-04,2.913313154940055201e-04,1.661234142230117480e-04,4.988797130600277231e-04,1.079835311137684103e-03,-3.783422904982945722e-04,7.493332915507124221e-04,1.087024165991848108e-03,3.532932857171660929e-04,8.602116860249659630e-03,2.933673642759592436e-03,4.995844566025020410e-03,-2.593006711040089785e-03,1.210448578660821336e-03,4.062996557390189051e-04,9.947383333703777031e-03,1.828907421307115685e-02,5.025143222337738469e-02,-3.861048947185203445e-02,2.878043178296604745e-03,6.799792988576106034e-02,1.482700611446541028e-01,2.697080997452842681e-03,3.620490642194819104e-03,1.000000000000000000e+00,-9.764618400781324148e-01,-8.628072494839967854e-01,1.267093388870892956e-01,-2.900677219582436812e-03,3.045031380892779683e-03,8.337649923777169705e-04,-8.616904302649260354e-04,2.469167871439968123e-04,4.578042839699554838e-04,-3.164233410307931531e-04,3.686783812173078257e-04,4.104305397363535238e-03,1.348294855514125352e-03
-3.045786235584790197e-02,9.629290421601686273e-03,2.307283104136587451e-02,-5.963843062782071998e-03,1.473918224060567425e-02,-1.884842872890516992e-04,-3.976713185761823234e-03,-5.683116911293460173e-03,-1.155949891518929656e-01,-1.368603847432517395e-01,1.480502218420599175e-03,-5.983428722696478887e-03,1.428889692059940458e-02,-1.123818048017448216e-02,7.258771610016994183e-03,-1.775368211231259088e-03,1.886375566867760228e-02,3.045967088279995238e-02,-1.965251262897056825e-04,2.121482122537535838e-04,-4.373635116986321087e-04,-2.063590210621192599e-04,-4.981539073416761708e-04,-1.302383190334970497e-03,3.429286659770795212e-04,-6.589318083542109036e-04,-1.251949244646269853e-03,-3.989080856282507565e-04,-8.464983629435051532e-03,-6.494083771409102715e-04,-5.675312837778157676e-03,2.947948003523191435e-03,-2.189845869712748160e-03,7.028426741895073091e-06,-1.119705112941877384e-02,-2.256034111868348430e-02,-4.684077587580005170e-02,3.754580198032778787e-02,-7.861720808220173939e-03,-6.099230777284141147e-02,-1.187634394603747368e-01,-5.688760946579932663e-03,-3.696115477225985976e-03,-9.764618400781313046e-01,1.000000000000000222e+00,7.810478108695160238e-01,-1.695972182734101566e-02,-1.088592261502487838e-03,-3.161095786222015928e-03,-1.177550285214649071e-03,1.159302376608226017e-03,2.885550355943026428e-04,6.001599424280671698e-05,2.188828684887398506e-04,-2.810883322537676061e-04,-4.008935272263689821e-03,-1.425669206200117596e-03
-4.752436184810122574e-04,2.021303079723055923e-02,-5.579457066756969216e-04,1.837635403496272468e-02,2.104470308643534293e-02,5.649260283414217574e-04,2.403307092528111834e-03,5.768402709087936536e-03,-1.394160828050300220e-02,2.019624328889261244e-01,-3.833129927335184994e-03,-5.810723831703748683e-03,3.354064298952493667e-02,-2.809646474066002791e-02,1.212217492377814891e-02,-6.401380150599598681e-03,2.523039824327965100e-02,6.093930331332633732e-02,-2.302997629917390154e-04,7.248268735558683771e-05,7.081416436759363584e-04,1.663259493996262347e-04,-3.618784205576016494e-04,6.571159928694563553e-04,1.367480610883685345e-04,-1.650228036557859824e-04,4.025305223804353052e-04,4.474354352757642047e-04,-3.383976082941398452e-03,-2.429428315842605945e-03,3.123357539570723496e-04,-2.230869573039992535e-04,4.129184881529805035e-03,-2.316014412026499644e-03,-7.485564694124318514e-05,1.055451837352961234e-02,-3.210866511575195814e-02,2.303665792557922296e-02,1.703072481069367247e-02,-5.246430805763348248e-02,-1.014079492650972331e-01,1.248343360701148312e-02,-2.713725550026756510e-03,-8.628072494840056672e-01,7.810478108695257937e-01,9.999999999999998890e-01,-1.926502325419262585e-01,5.562683918829402011e-03,-1.944956612592236992e-03,-2.484177167346313724e-05,7.813790908191807494e-05,-8.838680678410079867e-04,-9.855706926736409502e-04,9.374599096047053293e-04,-9.202725090736052927e-04,-4.267401407907527727e-03,-6.470550069553567592e-04
-1.782858178109138127e-03,3.834993395879637422e-04,8.152709055769787397e-04,-3.955487715996859610e-03,-5.466151628172524236e-03,-1.541099431138713257e-04,-5.946824262754867203e-04,-3.341851092972109461e-03,7.807140072329129404e-03,2.305867177893237974e-02,4.605445370852842037e-03,1.171325885807326846e-04,-8.006449118992344308e-03,6.539860223487734166e-03,-3.102388362491918187e-03,1.435405163419507801e-03,-6.867587286417184758e-03,-1.716512474694004489e-02,4.722149514296351656e-05,-4.136211946320335389e-06,-2.139997728770995952e-04,-5.878423878852677832e-05,6.100463954171640659e-05,-2.655642234247139314e-04,-1.375166647805031500e-04,5.082131862184329071e-04,-3.861998387963800575e-04,-6.165684782726338006e-04,1.652120401254772008e-03,1.910950435525808969e-02,-1.226616894991053091e-03,6.619358807284894848e-04,-2.025856811968079936e-03,8.879013344980843641e-04,-2.148547382872995244e-03,-8.445308859980427477e-03,1.070817040899007047e-02,-4.154864248229626390e-03,-6.790576865645782043e-03,2.040046063583200037e-02,1.184175847706797485e-01,-6.397669712158915965e-03,-4.200687658007328895e-04,1.267093388870904058e-01,-1.695972182734160894e-02,-1.926502325419297834e-01,9.999999999999998890e-01,-3.787031026101112668e-02,-9.068392262193762350e-04,-3.650533862390214872e-03,3.177136242846256668e-03,4.877804139921160069e-03,4.330245715068981385e-03,-4.495078783173828314e-04,3.821112719818009875e-04,3.230453805177283238e-04,-3.045751382617531379e-04
-2.073206270523030373e-03,1.835985018717909865e-03,1.956761547938280256e-03,1.113865341602819940e-03,8.853704933256949260e-05,1.193542483571454227e-05,3.325573040004106001e-04,9.544787504518624955e-05,5.205176861791537164e-04,-2.606073270520824908e-03,-2.586019617768562373e-01,-1.189446608003387013e-04,3.339635111282405902e-04,-1.896773052784738801e-04,-1.304672811462926848e-04,-1.694145208242462536e-04,-2.816099550539245561e-04,8.645207436584219753e-04,-2.175997213244060298e-05,1.136494035645350873e-05,2.390229677304924637e-05,9.269646116074710998e-06,-4.214180855015311577e-05,-3.534243470985566783e-06,-1.451522900064591772e-04,1.470358032002106645e-04,4.196245446855617969e-04,1.781743987295663105e-04,8.879189707079984846e-04,-6.670541733117782727e-04,9.477956908843263668e-05,-3.352500090143651317e-05,7.080623851503398282e-06,-3.604856601972977520e-05,2.448623125188816377e-04,4.097499468646060325e-04,1.783302309057394758e-02,-1.656611116345375542e-02,-9.512139820950206437e-03,2.981765349011303648e-02,6.589206003609380602e-04,9.151538002473486770e-04,6.781298816755149572e-05,-2.900677219566591414e-03,-1.088592261516595910e-03,5.562683918810589802e-03,-3.787031026100257797e-02,9.999999999999997780e-01,5.829702073364785900e-05,6.066265760224566206e-01,-5.838630631710245433e-01,-6.044771370874353345e-01,-5.306284885277705587e-01,6.239624242973339620e-05,-5.287006144668626761e-05,-1.105182882613031209e-04,3.366560009142579121e-06
-4.380938045691340488e-03,4.545031705579831265e-03,2.620692402004885964e-03,-1.696085629439552856e-05,2.144288949644353930e-04,-1.500202672133912864e-05,-6.910678608533118549e-05,3.929286718373648369e-04,1.587711825528011108e-05,8.307477730668514802e-04,9.203281811952656076e-06,-1.224428781746555173e-01,-2.302268906321069519e-04,6.446974119031460425e-05,6.351183031649306051e-05,1.466453299642816224e-06,-7.975404605031202396e-04,-1.093288831190605695e-03,1.015784975157302385e-05,-7.264453624179286362e-06,-7.180554367929249008e-06,6.815413122359947455e-06,1.901801441453439547e-05,1.403986416653739144e-05,1.117791689774305705e-05,-9.773661476210019838e-06,-2.664199404838751636e-05,-2.560060849972702168e-05,7.958366853240616482e-05,-1.035078372958888422e-05,-5.770441859954439541e-04,3.707395599656697826e-04,2.938849375090373146e-04,-4.782537565016577478e-04,-9.489886276215826364e-04,-1.011489960240527898e-03,2.041341808985350399e-03,-2.179204755006736941e-03,-1.129553274189297506e-03,1.024164217933829987e-03,-1.325194757526738844e-03,5.490564430171136854e-04,3.279420743480354061e-01,3.045031381014307904e-03,-3.161095786349898441e-03,-1.944956612674010338e-03,-9.068392262229332855e-04,5.829702074107177752e-05,1.000000000000000000e+00,2.608658809452317376e-05,-2.522897426934591716e-05,-1.360803390473920750e-05,-1.710121567237461721e-05,4.022891638506140843e-01,-3.273467847204366010e-01,-3.111684665890129264e-01,1.822737574300827279e-01
-1.201150127614536130e-03,1.232338174402918029e-03,1.161383552387878701e-03,7.379376604238324080e-04,-1.894439960843648067e-04,-1.460301849699994014e-06,4.097406139756676335e-04,1.108118853748540930e-05,9.075832775452818968e-04,7.081292239998025892e-04,-3.168282221042856284e-01,-8.938274390306172866e-05,6.513514916078477649e-05,9.540810854296224845e-05,-3.486640924886449380e-04,-2.054158627886458368e-04,-1.621715339236113132e-04,4.150652430359594107e-04,-1.220713734454900306e-05,6.740896030601072700e-06,7.387798017560214594e-06,6.337756871083419669e-06,-2.506689311057373382e-05,-1.031631554186817506e-05,-2.005116417133170654e-04,1.937033996195918243e-04,5.157169480938063105e-04,1.827433070772737874e-04,5.617009339558911869e-04,-7.536356488466678316e-05,5.021180249865918354e-05,-1.487639548819140163e-05,-2.942552281466157224e-05,-9.291494195439734731e-06,1.436069684090747261e-04,1.610406404844135690e-04,1.103518247153007815e-02,-1.023014328226560903e-02,-5.634553266766384634e-03,1.846365084744268359e-02,1.762748194645153473e-03,-2.749948048439897707e-04,3.331592458277571979e-05,8.337649923830736881e-04,-1.177550285218116350e-03,-2.484177168309411530e-05,-3.650533862379639564e-03,6.066265760224341941e-01,2.608658808296508054e-05,1.000000000000000222e+00,-9.987373905963122800e-01,-9.551907527200556025e-01,-8.496749652945829734e-01,3.995272017302390385e-05,-3.436245125030429494e-05,-7.920829500966153380e-05,3.838630367694707218e-07
1.122218315149457009e-03,-1.163690956002635338e-03,-1.134317704362910366e-03,-7.753230887229649185e-04,1.782759767954011118e-04,3.444135552347843808e-06,-4.043673689232892563e-04,-1.379095797541684132e-05,-1.024559299381402021e-03,-7.547897504946025123e-04,3.039200418231329803e-01,8.796801064901839200e-05,-7.518679851178242048e-05,-8.244764873928954777e-05,3.354908593244079382e-04,2.026105867837078996e-04,1.584979817321772251e-04,-4.188992826036964413e-04,1.182426888972005395e-05,-6.560178248010012109e-06,-5.935854498673916462e-06,-6.678716103752735069e-06,2.461241679516365700e-05,1.151757186233359657e-05,1.954193959806807611e-04,-1.894379921126157029e-04,-5.033195255060318209e-04,-1.780873432236487796e-04,-5.565500993379008093e-04,6.424705650662447651e-05,-4.817386358023535839e-05,1.238816690693149849e-05,2.955013861175308066e-05,1.464866282387281024e-05,-1.444537621884802792e-04,-1.639580129100595685e-04,-1.077233003808839885e-02,1.000020177041887649e-02,5.434423616761399622e-03,-1.800760630786788982e-02,-1.620084319606356939e-03,1.609221911278691756e-04,-3.241342893978289266e-05,-8.616904302557815490e-04,1.159302376596807850e-03,7.813790907659926368e-05,3.177136242835503551e-03,-5.838630631709981200e-01,-2.522897425795439806e-05,-9.987373905963040643e-01,1.000000000000000000e+00,9.447373927068115629e-01,8.369991781365755390e-01,-3.919479633191229502e-05,3.373294653358028313e-05,7.787925004760988708e-05,-4.065048689315643178e-07
3.482458778166936395e-04,-4.898994912111085927e-04,-1.374645987871998744e-04,-7.685857982346990577e-05,2.813035276490802447e-04,-3.591066081915045781e-06,-4.499849084255407982e-04,-6.775308072286144641e-05,-1.175477796327369952e-04,-1.250538343718468875e-03,4.674037443826642990e-01,4.036447925418124374e-05,1.150668795414833581e-06,-2.111491188425263085e-04,4.490477979110277218e-04,2.605339312687744106e-04,-2.216789795876893403e-04,-4.768436156649123498e-04,3.200576006006581764e-06,-1.466780234199265306e-06,-5.411008424316285926e-06,-1.426435999916613579e-06,5.756097455314693511e-06,-2.706051342040404860e-06,2.382720146348504722e-04,-2.051526151403604737e-04,-5.928501817200388822e-04,-1.952725513588962798e-04,-6.299141612062671939e-05,1.792068436621050255e-04,-3.130053904938269465e-05,1.553198121334388695e-05,-3.350872497324914261e-05,8.893831621311198757e-06,-6.214152772751794867e-05,-1.471456796727669083e-04,-2.475704993116318361e-03,2.378253625283585204e-03,1.206813546827653410e-03,-4.153676634073594220e-03,8.021807304431939883e-04,2.246781270654502928e-03,-7.168214493963006358e-06,2.469167871574223252e-04,2.885550355779751002e-04,-8.838680678469301158e-04,4.877804139909841866e-03,-6.044771370874678640e-01,-1.360803389232790139e-05,-9.551907527201396464e-01,9.447373927069032673e-01,1.000000000000000000e+00,9.052142284507809222e-01,-1.993775016004124159e-05,1.759382206510948568e-05,3.679577667207894792e-05,-4.468032580566266363e-06
2.814031746914449060e-04,-2.965057864140040883e-04,-6.003940096999604240e-04,-8.401099001615620595e-04,-2.483928967289772091e-04,-1.515572031915352654e-04,-3.588398471615424253e-04,-1.974601445235374050e-03,1.519356142210859001e-04,-5.645698188234779969e-04,1.507287753589435786e-01,4.909059062885183565e-05,-2.102183475450726622e-04,1.416723391660499221e-04,-5.943763913717012987e-05,7.379176605739126704e-05,-7.618583589217869272e-05,-3.481064124920545014e-04,9.194505415283135658e-06,-1.276114537182770285e-06,-1.044653204339195482e-04,2.771561878221382073e-05,-6.009139726163074270e-06,-1.185472759889916856e-04,1.083856087826757191e-04,-9.388924436326632475e-05,-3.160571586339738629e-04,-7.298626241506225019e-05,-3.268809027486465349e-05,7.198637403241633849e-05,-4.148086029112262778e-04,3.222551062753775740e-04,-1.273967180398988697e-03,-1.251154259859989140e-04,-3.438393129286730176e-04,-1.468414106598239484e-03,-1.637051930918874149e-03,1.766087692200653736e-03,-6.510444552505776153e-04,-3.773140409722057411e-03,2.059220877165022969e-03,-1.341216519500618327e-02,-1.462745104116632073e-05,4.578042839739031723e-04,6.001599423583466682e-05,-9.855706926680952561e-04,4.330245715056930261e-03,-5.306284885277915420e-01,-1.710121565596158186e-05,-8.496749652946441467e-01,8.369991781366434846e-01,9.052142284507678216e-01,1.000000000000000000e+00,-2.482571738337352397e-05,2.179005110402634489e-05,4.497715876987322500e-05,-5.233067295531335696e-06
-1.039883517688419516e-02,1.093708209333397498e-02,6.104609709671431420e-03,8.087404361657306610e-05,3.058249649044404782e-04,-5.475356239065182543e-05,-2.288295390614911108e-04,1.461556034255116461e-03,3.270909502386954966e-04,3.166080791840259531e-03,-1.322830027495200403e-05,-4.388096766209220734e-01,-1.308500901779815519e-03,1.187616427532389761e-03,5.681455322268917250e-04,1.436405141719053024e-04,-4.181115971908206481e-04,3.254556255366587063e-04,1.916274234924613816e-05,-1.128876807447418116e-05,-3.842972203994406383e-05,1.346673185810522384e-05,3.007649491913844567e-05,-1.408375511976498095e-05,2.232702040004449226e-05,-2.143943202028887951e-05,-7.358100727832635104e-05,-1.027999349559223508e-04,2.293371281534085156e-04,6.381467500546376132e-06,-9.293761968097291994e-04,6.495799233108956851e-04,9.228576253888549777e-04,-1.140629863018446629e-03,-1.394892684776592208e-03,-6.420963381650839205e-04,3.007583051471471921e-03,-3.200245096186895687e-03,-1.544372199353471467e-03,1.560457756566954604e-03,-1.729051560431911060e-03,8.487695208606557988e-04,1.112817786587584901e-01,-3.164233399659242027e-04,2.188828673852540583e-04,9.374599088092103660e-04,-4.495078783204285722e-04,6.239624244931389770e-05,4.022891638506104206e-01,3.995272020496253474e-05,-3.919479636323054542e-05,-1.993775019427899094e-05,-2.482571742927850166e-05,1.000000000000000000e+00,-9.928943217604958571e-01,-7.981446975638433194e-01,6.157909149637331714e-01
9.710067139139997444e-03,-1.021202623830441865e-02,-5.699593514876487126e-03,-6.576285508430355995e-05,-2.980892345038075111e-04,5.088607098943559627e-05,2.118441538762500258e-04,-1.358405523304971000e-03,-3.004658912978442091e-04,-2.949275217851354044e-03,1.509099918678074862e-05,4.063401468629718183e-01,1.177898455842521638e-03,-1.066382077815200297e-03,-5.176673602893171276e-04,-1.203057806839461804e-04,3.954258061779038149e-04,-2.730656740873761029e-04,-1.736380632149547620e-05,1.024174998771361327e-05,3.542698273194014552e-05,-1.274973069049267442e-05,-2.703583100072611835e-05,1.349895308009593061e-05,-2.013537485612922314e-05,1.955480325272585207e-05,6.773748530971573250e-05,9.551110515785727630e-05,-2.077129785982777493e-04,-5.980601655845341991e-06,8.584088590939308256e-04,-6.033553182894230019e-04,-8.507566498866676310e-04,1.061419237005136297e-03,1.276326111192694962e-03,5.878901797801113546e-04,-2.506384236099926457e-03,2.677714737696607235e-03,1.257173295129520533e-03,-1.317927390069685524e-03,1.572218948872888909e-03,-7.519974483366187153e-04,-7.284708877388348935e-02,3.686783813918458898e-04,-2.810883324177972575e-04,-9.202725092797393392e-04,3.821112720094872826e-04,-5.287006146765485960e-05,-3.273467847204299952e-01,-3.436245128231830498e-05,3.373294656496397868e-05,1.759382209948439339e-05,2.179005115008936198e-05,-9.928943217604915272e-01,1.000000000000000222e+00,7.672272360119979373e-01,-6.236961300107620731e-01
1.683734176110558353e-02,-1.779531561920797214e-02,-9.818582310250649134e-03,-3.818171520263786349e-04,-4.493790199022875087e-05,1.023394812802926751e-04,4.508164899685768211e-04,-2.724876957080166195e-03,-6.735137107757233673e-04,-5.834834074779211149e-03,2.179330369222396614e-05,8.798227533852626125e-01,3.512273296057612671e-03,-3.506676167516067227e-03,-1.373028832870043427e-03,-5.725675837170607525e-04,-5.602373701627784636e-04,-3.063477514278057420e-03,-3.291071062676791505e-05,1.762172882267617024e-05,7.846261915495050365e-05,-1.922192687679036413e-05,-4.934028395420383771e-05,4.640346879410197657e-05,-4.086351039969630798e-05,3.988745212898176846e-05,1.390735552590709558e-04,2.095292798313842125e-04,-4.641514930268373956e-04,-2.179080228748682133e-05,1.331220134796770246e-03,-9.453697463826352164e-04,-1.718253440629166282e-03,1.877081459841943448e-03,1.990274721498844386e-03,1.367940181355562672e-04,-6.437654485436198303e-03,6.745681519731591864e-03,3.494598323620773644e-03,-3.213480967031859866e-03,2.347104482991264635e-03,-1.437249441375321743e-03,8.648603655929630596e-02,4.104305397298097131e-03,-4.008935272196615003e-03,-4.267401407856555480e-03,3.230453805166453142e-04,-1.105182882749791251e-04,-3.111684665890268042e-01,-7.920829503088652605e-05,7.787925006833594304e-05,3.679577669536355161e-05,4.497715880240975273e-05,-7.981446975638962771e-01,7.672272360120542256e-01,9.999999999999998890e-01,-4.023313668398043608e-01
-6.723552974712043544e-03,7.019780012286225626e-03,3.979008006468289470e-03,-1.385635527287924719e-04,5.076817887855204683e-04,-2.642753929585775358e-05,-9.433508287722545179e-05,7.093842778636875405e-04,9.866902875756631533e-05,1.611459559659973294e-03,-2.488930046677911072e-05,-1.732078245307898390e-01,1.512188880618495093e-04,-3.234930342724851872e-04,4.682616340740790713e-05,-1.689161770543220705e-04,-9.624251334986969487e-04,-1.337766825032344091e-03,8.192788465101306537e-06,-5.884597981783234148e-06,-1.313370361368994180e-05,1.119834623162148977e-05,1.284568460018094036e-05,1.918998553727039623e-06,7.680101256605333644e-06,-8.395481191401247534e-06,-3.113678136097136205e-05,-4.069497092463027975e-05,5.961544520811586800e-05,-2.413951558942650182e-06,-6.405547990090768853e-04,4.595641003868970709e-04,4.076830748101452134e-04,-6.987330732926011478e-04,-8.939852987299677645e-04,-8.443264255376323191e-04,-7.186829221969265715e-04,6.430358601508993173e-04,6.485488432050471111e-04,-2.000298229303981473e-04,-1.115452814488313233e-03,2.709413337224065546e-04,2.517754415183355229e-02,1.348294855739140237e-03,-1.425669206437800733e-03,-6.470550071031751487e-04,-3.045751382697037008e-04,3.366560021504627305e-06,1.822737574300746788e-01,3.838630564173956206e-07,-4.065048881729789941e-07,-4.468032601842918305e-06,-5.233067323985778715e-06,6.157909149637187385e-01,-6.236961300107504158e-01,-4.023313668397604514e-01,1.000000000000000000e+00
