O $a$ ,O $b$ ,O O ,O Al ,O Mg ,O S ,O Si ,O Th ,O U ,Fe CaO ,Fe KO0.5 ,Fe Ssil ,Fe SiO2 ,Fe ThO2 ,Al $a$ ,Al $b$ ,Al Al ,Al SiO2 ,Ca $a$ ,Ca $b$ ,Ca Ssil ,Ca SiO2 ,Ca ThO2 ,Ca UO ,K $a$ ,K $b$ ,K K ,K SiO2 ,Mg $a$ ,Mg $b$ ,Mg SiO2 ,S $a$ ,S $b$ ,S $c$ ,S S ,S Si ,S U ,S SiO2 ,Si $a$ ,Si $b$ ,Si $c$ ,Si Si ,Si Th ,Si U ,Th $a$ ,Th $b$ ,U $a$ ,U $b$
5.077923274690313016e-02,-1.306256652889106533e+02,1.719906721275863692e-01,1.460450120275944984e-04,1.238854052982300141e-02,1.036535655538569634e-01,-2.560620192207380651e-03,-1.912440210551474007e-01,-4.193749988708865735e-03,7.813437053745626599e+02,5.286437662801528177e+02,5.853330066048250728e+02,6.101626567529892782e+02,6.176505476365598497e+02,-1.515570514383256413e-03,3.880813454753508296e+01,-3.735044711483773150e-02,-5.445562287097093304e+02,-2.624961742794536691e-03,1.954653974674273087e+01,-8.064168957246765785e+02,-1.625049705569491039e+02,1.271810676097947862e+03,1.077169547250794494e+03,-4.635664093357299599e-03,1.474054225078773328e+01,1.625114355601121607e-01,1.372901072350522043e+02,-2.543531175331636279e-03,3.005252540605156852e+01,-2.676321520238786320e+02,-2.045275337345108489e-03,2.890580900700361333e+00,2.341910672333417098e-01,-1.300768051946413380e-02,-6.181316949635539543e-03,1.054218031241548596e-04,-1.122831751238999090e+02,-5.076806549478490166e-03,5.395981487618489325e+01,-4.046226623591942656e-02,-2.503264679212090487e-03,-2.174378648817378371e-02,-4.412977408005546234e-03,-1.622418871353446465e-02,6.370368644902099931e+01,-1.861386227782874407e-03,1.799576879155760523e+01
-1.306256652889111933e+02,5.044967533609366510e+05,-3.129478558399149506e+02,-2.216890989440809676e+02,-8.055592127708736427e+01,-1.791655160140363421e+02,-2.523642887030497661e+01,7.367591389809582552e+02,1.486432435685166809e+01,-2.550643535155005287e+06,-3.348088972800616175e+06,-4.700462138726823963e+06,-5.482475799041476101e+06,-5.073273319632909843e+05,1.357617671688055161e+01,-4.320157266577670234e+05,5.126091262515310518e+02,8.533847147722754627e+06,4.444248342817127195e+01,-4.704625682340171188e+05,6.772970615251507610e+06,1.201827323076813668e+07,-4.994237290072154254e+06,-4.533461795138495974e+06,2.495421639883487330e+01,-1.493215593519567337e+05,-1.896205066934037404e+02,2.995615639627387747e+06,2.991026867142413792e+01,-3.478391248763066833e+05,6.108777246575074270e+06,1.681645717849758270e+01,-3.007393864816323912e+04,-5.652052746417449498e+02,3.606048267594412948e+01,1.431095589441860660e+01,-1.938152939830335875e+00,2.829521252168358304e+06,4.133332663637493454e+01,-6.104013451079763472e+05,1.078649922645296101e+03,1.847781943498419466e+01,1.381120680259667495e+02,3.608381150564824225e+01,8.140835544181791761e+01,-4.861105152772546280e+05,1.369435471590579034e+01,-1.524658124039674003e+05
1.719906721275886174e-01,-3.129478558399192138e+02,1.024242855635074001e+00,-2.146284412817325848e-01,-4.594744569259722605e-02,1.830692781108798628e-01,-2.920890000823896451e-02,-1.619514716927855369e-01,-8.812955732969238176e-03,6.725247972893745100e+03,5.532652109409480090e+02,-5.172710781487069198e+02,-5.866472692739370132e+02,3.898427110606660335e+02,-8.909304318650642165e-03,-2.542199612929583097e+01,3.112712815139331290e-01,1.430146770886872673e+03,2.758964667890812655e-02,-3.873764037939406535e+02,3.450573541632832985e+03,1.259253911684890772e+04,9.807740351226184430e+03,6.383381980379239394e+03,-5.438058700161087916e-03,-3.197555492136854483e+01,1.597931713686165267e+00,3.044931908154193479e+03,9.587641929351890628e-04,-5.536912883416019326e+01,2.585728527377434148e+03,4.226637834335069017e-03,-4.083726199490470776e+00,-4.995568006314275201e-03,-1.322703540739456757e-02,-9.379222526847979732e-03,-2.045174417174793272e-03,1.060143089258969212e+03,-3.377392641967421824e-03,-1.184972897263234017e+02,9.117023196008594565e-01,7.150175926679345605e-04,8.465174427195158377e-03,4.584337150025883170e-03,1.933215041630366319e-03,-5.915445254925674590e+01,1.434400785573105436e-03,-1.554196445870131349e+01
1.460450120253737271e-04,-2.216890989440750275e+02,-2.146284412817337783e-01,1.364156386730288162e+01,3.840197152779351031e-02,-8.593551596729730180e-02,9.928044128903104615e-02,-1.625975333375832443e+00,-4.949309532046848592e-02,4.239924086651789366e+03,1.876126080416125887e+03,4.664641005805707209e+03,4.197539376586294566e+03,1.441177513285397799e+04,9.478343119435208575e-01,-9.565598282494961495e+02,-4.808273990367326434e+01,-2.004238278380562406e+04,-1.827733692982720995e-02,1.747044225133272448e+02,-2.141432348974381512e+03,-3.161603060496128819e+03,1.237750515258876112e+04,1.106072869422299300e+04,-1.386170451126394511e-02,1.456438738527493513e+02,2.019617454944129253e+00,-5.774721870372450212e+03,-3.678159467703488034e-02,4.190955451117816892e+02,-1.022782733359603662e+04,-8.424195325462693895e-03,2.022305182679174251e+01,-7.008188450633473510e-01,-7.265844889479390785e-03,3.238556870210083320e-03,1.284070281552627917e-02,-5.066284319821400459e+03,-5.215192408189474327e-02,7.236930218840552698e+02,-3.506685703642521690e-02,-2.682663852917135244e-02,-2.146115194795674141e-01,-3.951068523156719275e-02,-1.546737470071063159e-01,5.983135138545294467e+02,-2.046666088376874332e-02,1.367162192498059028e+02
1.238854052982399714e-02,-8.055592127708655426e+01,-4.594744569259297945e-02,3.840197152778335871e-02,6.883734072606138454e+00,3.962512896772813625e-02,1.224277352823819470e-02,-4.754724552087005729e-01,-1.276053675769754647e-02,9.839649766746382738e+03,-8.064173787325418061e+02,1.480282364884098115e+03,1.021572691848996897e+03,1.686295919159230834e+03,-1.241790758678902032e-03,1.259780650939125479e+02,-1.381836792380938539e-01,-3.040032735999240685e+03,2.335446528178425005e-02,-3.276752192627524778e+02,5.425031083107493941e+03,1.024315701434767834e+04,1.153168620479747187e+04,1.036905565536449467e+04,1.304452194028120175e-03,6.556877111564408267e+01,2.457589467085062651e+00,-3.227592107165206016e+03,2.895680000455053693e-01,7.806757129701172460e+01,-2.442806474247613551e+03,-7.164894374695365657e-03,-3.057870033430218903e+00,8.178293032680339358e-02,-8.245508941001187045e-03,-1.079170966885307191e-02,3.204471126461220804e-03,-5.068952938178238696e+02,-3.087698021627373335e-03,1.495864807558519374e+02,-2.654840054821540618e-01,-6.138501881828573037e-03,-4.714314109492887678e-02,-1.345324362584434524e-02,-3.642605263424186779e-02,1.492188107087776814e+02,-7.286939792983309315e-03,3.925579905527025915e+01
1.036535655538609740e-01,-1.791655160140536509e+02,1.830692781108877454e-01,-8.593551596737217246e-02,3.962512896773113386e-02,3.635664110280962369e+00,2.799258978696599343e-01,-7.604642954652692799e-01,-1.473850467796266814e-02,1.168649275453370501e+04,-1.489978955842446567e+03,2.045302523601730400e+03,1.260496756081211288e+03,-3.405499914585773695e+03,1.153188028822625839e-02,5.373717288382734836e+01,-8.425206451078055825e-02,-6.478806190057142658e+02,2.836869690884558787e-02,-3.649341596214830474e+02,-1.483156463793717421e+03,1.082554127239525587e+04,8.236715290765669124e+03,8.417747443620017293e+03,-2.372264559678132281e-02,1.166725039011553378e+02,5.239758631129096678e-01,-2.860532829752560247e+03,-9.954246981250643167e-03,1.057525126511923332e+02,-1.119979305394588209e+03,7.486580546008542170e-02,-1.829388796783424880e+02,8.282315123550244351e+00,8.918143533141112758e-03,-7.306867020280703728e-02,4.762160326904562105e-03,-3.409625916973503195e+02,5.707950965641463148e-02,-9.162168982783130744e+00,-5.857312959026420573e-01,-8.898381133534249976e-03,-3.651398381574539470e-02,-1.513521893595765749e-02,-3.814235252104767465e-02,1.686969509200946504e+02,-9.529738564894646088e-03,5.451115408166694465e+01
-2.560620192211857538e-03,-2.523642887029882331e+01,-2.920890000825800137e-02,9.928044128901904186e-02,1.224277352824098240e-02,2.799258978696538280e-01,1.119001200031033427e+00,-9.370199075848274495e-01,-1.250470602305285006e-01,2.717079100355992978e+03,1.011506123269325940e+03,4.844809663815738531e+03,1.806714141267585546e+03,-3.829870586105048005e+03,-8.705552351173835319e-04,2.126467014647290057e+02,-3.817838122849354643e-01,-6.071049881667678164e+03,-1.269352756987869590e-02,1.331942869418596160e+02,-1.699439972943315979e+03,-3.873531155147516984e+03,-6.078263226438525635e+03,2.130067941891264240e+02,-1.515224842822082522e-02,7.575198957253580545e+01,2.680683489108367512e-01,-1.711716247963668138e+03,-1.804777585725228159e-02,1.971525679123222687e+02,-4.758396615096230562e+03,-9.531730173334616169e-03,-3.249771964744434172e+01,5.707264021207553162e-01,-2.347559993131558345e-02,-5.620626241844687426e-02,2.740216964932605786e-03,-2.032522477327470654e+02,2.564934913224902260e-02,2.102428771450083502e+02,1.909318993426136313e+00,-1.980643491146750687e-02,-1.135633918171788381e-01,-4.315896682667662992e-02,-7.660000409019619705e-02,3.224886717337670916e+02,-2.328568576295948420e-02,9.883998945702420258e+01
-1.912440210551548947e-01,7.367591389814210743e+02,-1.619514716925493369e-01,-1.625975333376845633e+00,-4.754724552089013567e-01,-7.604642954650873143e-01,-9.370199075851464166e-01,3.575585297936327152e+02,3.024224134838426448e+00,2.181808531808206681e+04,2.773018306891150132e+04,-5.726198466262932925e+04,2.619748544920398217e+03,-8.377358425127987284e+05,-3.391664224413334372e-01,4.135487510372819315e+02,4.599105342583198031e+00,3.321254982884156925e+04,-5.062400852941529861e-01,3.905099321368625624e+03,-1.101765812579401972e+05,-1.163823329435827764e+05,1.622411126368125901e+06,-2.820090811312945443e+05,-4.474830570505546057e-02,-1.178689335560258542e+03,-1.979666216433533421e+01,7.260890818977971503e+04,-1.064971840854686824e-01,-1.649840930476560743e+02,3.229929355328188103e+04,2.128308544682029971e-02,1.514124742433518350e+03,9.869105620764025977e-01,1.106479821555779175e-01,1.265511467928620126e+00,-2.230468149943595491e-01,-4.543685184310589102e+04,1.129150451493792090e-01,-1.392067480273363572e+03,4.654293535293814621e+00,1.791236869594349523e-01,4.978346174642178212e+00,7.371488592829104070e-01,2.600975694100543834e+01,-5.452361398900333006e+04,6.576413278140660346e-01,-1.244831336249162632e+03
-4.193749988717174193e-03,1.486432435701916965e+01,-8.812955732911430251e-03,-4.949309531995527145e-02,-1.276053675772246751e-02,-1.473850467796345050e-02,-1.250470602306244516e-01,3.024224134837727007e+00,2.731858227434137021e+01,-2.181304043429706780e+03,-5.284647475542756183e+03,-6.351510651636441253e+03,2.605911749860691543e+03,-2.241608953706853572e+04,9.001430179721124636e-03,-1.275576827832623366e+02,2.584552774340269712e-02,6.214500416077485170e+03,-5.457890002130136309e-03,1.831975636479315312e+02,-7.673901347467385676e+03,-6.428161468257261731e+03,-7.091518302128452888e+03,2.201713032160768635e+05,3.588134773895281654e-02,3.210743239236298763e+01,2.919196610158559135e+00,-5.160292468207168895e+03,7.772073237897521997e-03,-8.685909939298747418e+01,4.757215503021740005e+03,-9.147179535311304038e-03,1.599009299197002463e+02,6.619903478526230067e-01,-5.261227691630457337e-02,1.361803901799412408e-01,2.861854960809651960e+00,-3.930157060364989320e+03,-3.756436156612964067e-03,-5.181404982894518696e+01,-2.610298867281333202e-01,3.218272250852553806e-02,3.096744928695098764e-01,1.339316407589728142e+00,2.558947411290768414e-01,-4.481170972230638654e+02,3.206186461333912163e+00,-6.528917228340324982e+03
7.813437053742719627e+02,-2.550643535153120756e+06,6.725247972892013422e+03,4.239924086665330833e+03,9.839649766745878878e+03,1.168649275453469272e+04,2.717079100356188974e+03,2.181808531804636732e+04,-2.181304043452902079e+03,1.046237659077237511e+10,2.336918160789058208e+08,-3.185112318221363425e+07,4.911348971531311423e+07,3.369896951872200239e+06,-6.030431586654513012e+03,3.687727387732557952e+07,-5.722949585069859313e+04,4.166666215606055856e+08,3.275749541930154373e+04,-4.701362015218921304e+08,6.113892819910479546e+09,1.514471229957207108e+10,1.372958491695748329e+10,1.047680659452127075e+10,2.022475230801551561e+03,-5.069802214634146541e+06,5.222669493676989805e+05,6.216532386593625546e+08,-5.899373250824691240e+03,3.800929553981519490e+07,3.274466400611845851e+08,-6.120963855611751114e+02,2.369332079381757416e+06,4.289569250526162068e+04,-3.699165298231166162e+03,2.124616714220307756e+02,-3.276363173036698981e+02,1.503266015978372097e+08,-2.208637166906324580e+02,-1.067398779900205135e+07,2.203779506130956361e+04,2.452672357670013525e+02,5.954712343948157240e+02,4.579916998994555115e+02,2.624333032446832476e+03,-6.724265582395643927e+06,6.636986021735698671e+01,8.940334839631720679e+05
5.286437662800733506e+02,-3.348088972800516989e+06,5.532652109406731142e+02,1.876126080414794387e+03,-8.064173787324925797e+02,-1.489978955842408823e+03,1.011506123269296836e+03,2.773018306892132387e+04,-5.284647475546365058e+03,2.336918160789709687e+08,5.759582109803607464e+08,-1.378020540270057023e+08,4.775075175776344538e+07,1.786065688926321268e+08,-8.869753756646899774e+02,7.857323288949526846e+06,4.932809788736517476e+03,-4.252468938821285963e+07,-1.099708341712222591e+03,1.416370604012794793e+05,-2.253132641559502184e+08,2.533299205850772262e+08,9.433581772030611038e+08,4.008639151242751479e+08,-2.470865924635733336e+03,-6.770232974571905099e+06,-2.688738255268057110e+05,7.241142003670275211e+08,-1.092354762937614623e+03,7.082148314785244875e+06,-4.283459382218790799e+07,-6.840490849564130258e+02,7.230879071744290181e+06,1.680175076902779983e+04,-1.142658076267964589e+03,4.386188672011839117e+03,-9.086523638645680876e+02,-2.195229802303577960e+08,-1.747933907784797114e+01,4.305854620408193208e+06,-1.881956186795210670e+04,1.944795212230770858e+02,2.370833946725946134e+03,1.419512499959959996e+03,3.549904487573024653e+03,-6.010806472521849908e+06,3.945948747506301402e+02,-1.233966404713753582e+05
5.853330066047562923e+02,-4.700462138727211393e+06,-5.172710781492850174e+02,4.664641005808872251e+03,1.480282364884345952e+03,2.045302523601515304e+03,4.844809663816094144e+03,-5.726198466262018337e+04,-6.351510651628566848e+03,-3.185112318226003647e+07,-1.378020540269975364e+08,3.959177805137419105e+08,8.662381553091317415e+07,-3.705677527332300544e+08,4.541955381139437264e+01,6.948930380164509639e+06,-1.625764478589728424e+04,-2.124085315797754228e+08,-5.638467736576666312e+02,1.032209239283758029e+07,1.954460118308326602e+08,-3.766063046576672196e+08,-8.659436183190386295e+08,-2.705306196431764364e+08,1.534373186881435913e+01,6.129445408781618811e+06,8.260970301328094502e+04,-2.836969774635364413e+08,-2.161401170799028932e+02,4.668107508851956576e+06,-1.237865111610132754e+08,2.245687479296074400e+02,-8.127666771206879057e+06,-2.529358310812570926e+04,1.487302896486728287e+03,-7.084860359152491583e+03,5.455006729126570235e+02,2.376991689832762182e+08,-1.270281202858641791e+03,1.204072070853383280e+07,6.239046191962191187e+03,-1.377864514713783365e+03,-8.576338134554231146e+03,-3.579664288836876949e+03,-6.288602450929391125e+03,2.089409425392997265e+07,-1.675989091618190287e+03,6.299725465809726156e+06
6.101626567531922092e+02,-5.482475799042114057e+06,-5.866472692733848362e+02,4.197539376586259095e+03,1.021572691849170951e+03,1.260496756081200829e+03,1.806714141267573041e+03,2.619748544919811593e+03,2.605911749864035755e+03,4.911348971531951427e+07,4.775075175775984675e+07,8.662381553091078997e+07,1.670828741793546081e+08,-1.512580287719804049e+08,-2.912099011399844812e+02,7.438784475776449777e+06,-9.961952390688285959e+03,-5.068580243454203010e+07,-8.767529078365208761e+02,9.389641539751596749e+06,-9.435284680194650590e+07,-1.874164567884367704e+08,1.650568364930113554e+08,1.035317451886637062e+08,-3.262388163770389724e+02,3.083851573088362813e+06,9.318061132955119319e+03,-3.553189425284804404e+07,-5.240010616872666560e+02,5.837845220600008033e+06,-2.612534386698345095e+07,-1.068198623365250910e+02,2.493513823082360614e+05,3.154077083626121293e+03,-2.110723613894203652e+02,-1.056226865312210634e+02,7.005980224532974887e+01,-1.641536439231184125e+07,-1.299506184253988749e+03,1.221701923258849978e+07,-1.631524247665357143e+04,-7.493828093535206847e+01,-1.825280653598278150e+03,-5.894551219663474058e+02,-3.381007892821198766e+02,8.531355828837681562e+06,-1.484456790691917050e+00,3.594362412392993923e+06
6.176505476365642835e+02,-5.073273319640435511e+05,3.898427110602149241e+02,1.441177513285719215e+04,1.686295919159174218e+03,-3.405499914586440809e+03,-3.829870586104480935e+03,-8.377358425127493683e+05,-2.241608953708400077e+04,3.369896951557803433e+06,1.786065688926999271e+08,-3.705677527332288027e+08,-1.512580287719843090e+08,1.354074374242691994e+10,4.244276304345003155e+03,-1.814752707152108848e+07,-1.768012952176799445e+04,1.162447018535743356e+08,5.204690061305452218e+03,-6.721569214575107396e+07,1.983204143782696009e+09,2.511052944903731823e+09,8.002730797733002663e+09,5.422216244669667244e+09,-2.019407555634339815e+02,2.541746853860552888e+06,-5.443748449097232879e+03,-2.429896354591596127e+08,1.224469263768909968e+03,-2.892747025010988582e+06,-1.973431333505425155e+08,1.943230693526135383e+03,-6.578845544546502642e+06,-1.521436695338957179e+04,6.560698636173454361e+03,2.323053461180209069e+03,1.523652780586947983e+03,4.587975111980185658e+07,1.770434419707340112e+03,-4.010012277260306757e+06,-1.317128173605625634e+05,3.027549647261493192e+03,-7.254406381170586974e+04,2.575967002121971632e+02,-7.000067022307294246e+04,1.048686998123143464e+08,-4.220204616937259743e+03,1.315019225236438680e+06
-1.515570514382100003e-03,1.357617671687566485e+01,-8.909304318640030862e-03,9.478343119435511666e-01,-1.241790758675012348e-03,1.153188028830079252e-02,-8.705552350979236208e-04,-3.391664224412714312e-01,9.001430179122450748e-03,-6.030431586666557450e+03,-8.869753756633397188e+02,4.541955380996523672e+01,-2.912099011397676804e+02,4.244276304342995900e+03,3.937779382633698755e-01,-1.352084427963685584e+03,1.075640647418015794e+00,9.192445411270902014e+02,-1.408660861659828158e-02,2.271887185562464708e+02,-1.911576591964467070e+03,-7.671008072155462287e+03,-6.732780808616907052e+03,-4.647756909424700098e+03,2.092094034465125704e-03,1.106627901015771975e+01,7.248397450053115088e-02,-1.314631237610623657e+03,6.127543029194542669e-03,-4.109383060557240697e+01,9.078859439518396357e+00,3.857246006981128288e-03,-2.043667144481963049e+01,-5.039781287288103151e-02,1.082321630980054468e-02,-5.692807331084125642e-03,5.008067994748396229e-03,4.913279673264394205e+02,4.620682015879954557e-03,-2.619773938685048265e+01,-9.672391074772869468e-02,1.276673255718810147e-03,-2.572579642014419590e-02,-5.771310190600174948e-04,-2.964516239767003153e-02,3.866725919002826117e+01,-8.235891308633174748e-04,-4.834451347409376432e+00
3.880813454753355529e+01,-4.320157266577529372e+05,-2.542199612932763486e+01,-9.565598282493508577e+02,1.259780650939105442e+02,5.373717288353626742e+01,2.126467014646452753e+02,4.135487510382724281e+02,-1.275576827807768154e+02,3.687727387737537920e+07,7.857323288944192231e+06,6.948930380167913623e+06,7.438784475775298662e+06,-1.814752707151549682e+07,-1.352084427963487087e+03,5.958316998149011284e+06,-8.073376716251223115e+03,-3.621657307743806392e+07,4.685792936853268742e+01,-9.289406050760701764e+05,2.801105793901598081e+06,3.560072086785594374e+07,4.236921188174739480e+07,3.251436050541860610e+07,-3.552079933945239532e+01,1.126507817504221603e+05,1.112065092737367877e+03,1.380307600269129965e+06,-8.128713894952247188e+01,7.938336498706212733e+05,-1.380302767838501744e+07,-3.750818974687075524e+01,1.618469120211038680e+05,1.418646689169968909e+02,-7.887797416567615016e+01,2.696001874286453059e+01,-1.657906758867826369e+01,-1.021886113466362283e+07,-9.967757598772018923e+01,1.142524372883260716e+06,9.679002055581310060e+02,-5.235138403640879545e+01,-9.179573644474332639e+01,-5.646502842856590831e+01,1.512028782584607001e+01,5.170373013510791934e+05,-2.264734178587083235e+01,2.194588277592400555e+05
-3.735044711481378538e-02,5.126091262514755726e+02,3.112712815140916689e-01,-4.808273990367337092e+01,-1.381836792380927437e-01,-8.425206451029883248e-02,-3.817838122848946636e-01,4.599105342582604727e+00,2.584552773990978630e-02,-5.722949585072608897e+04,4.932809788744978505e+03,-1.625764478589882856e+04,-9.961952390687889419e+03,-1.768012952178429623e+04,1.075640647417815288e+00,-8.073376716251386824e+03,1.056200664657327025e+03,7.716329441425595724e+04,-2.159184368367835227e-01,2.795501349764522729e+03,-2.039964002347479618e+04,-9.722242135151030379e+04,-7.784579148169061227e+04,-6.762703027295769425e+04,-2.298374256818177044e-02,-2.191725993157196228e+02,-1.579600366142102708e+01,9.444045904265289209e+03,8.146802859030394250e-02,-8.783032065642814814e+02,1.485917715934890293e+04,3.227283996744956945e-02,-6.744222941117124037e+01,2.454764412321888134e+00,1.924055185565828607e-01,7.781840900953784779e-02,-5.574342554435204877e-02,8.978315204134623855e+03,2.731686634426078730e-01,-1.705807860998002980e+03,-7.967973323119522888e+00,1.083737029730808682e-01,6.089689536958701188e-01,1.421160739642856607e-01,4.317783501858391548e-01,-1.519985667648838671e+03,5.653787111025841000e-02,-3.518863361242457586e+02
-5.445562287092633369e+02,8.533847147721525282e+06,1.430146770888273522e+03,-2.004238278380388510e+04,-3.040032735999596298e+03,-6.478806190045638687e+02,-6.071049881667003319e+03,3.321254982878915325e+04,6.214500416064304773e+03,4.166666215603276491e+08,-4.252468938819760084e+07,-2.124085315797022283e+08,-5.068580243452798575e+07,1.162447018536595553e+08,9.192445411286258832e+02,-3.621657307744381577e+07,7.716329441426463018e+04,1.464672637793963671e+09,1.632483838302751792e+03,-2.323513685366331786e+07,6.191077747263227701e+08,7.153359784087821245e+08,9.122217006971132755e+08,5.404695860749602318e+08,6.089035637591122168e+02,-2.913243966808060650e+06,-3.337263857431538054e+04,1.913816594337638319e+08,1.124624043181354409e+03,-1.501195162763686664e+07,5.508702784008221626e+08,8.355946141584156521e+02,-3.091968114656631369e+06,1.507808819858287461e+04,1.416473275607320375e+03,1.807984700006468870e+01,-3.350470347007307481e+01,3.383363406068718433e+08,2.283478090406979845e+03,-2.951703895350492746e+07,-6.794686205389216775e+04,2.096134180510621263e+03,5.045375570386508116e+03,1.950216940620683772e+03,3.303078293367996139e+03,-1.687976529273090139e+07,1.079751817731324991e+03,-3.887224967756313737e+06
-2.624961742793793795e-03,4.444248342818790576e+01,2.758964667891471503e-02,-1.827733692972556209e-02,2.335446528177517744e-02,2.836869690884540052e-02,-1.269352756988654379e-02,-5.062400852943191865e-01,-5.457890002245197048e-03,3.275749541930017222e+04,-1.099708341712431320e+03,-5.638467736578236327e+02,-8.767529078367387001e+02,5.204690061307759606e+03,-1.408660861648935829e-02,4.685792936806895170e+01,-2.159184368364283346e-01,1.632483838305709241e+03,7.886200176035886855e-01,-4.347507525809181061e+03,2.134085465286800536e+04,5.875787765651765949e+04,3.764746949474206485e+04,3.392614924360813893e+04,1.662288723460777704e-02,-3.507264067588285883e+01,2.518876458073719959e+00,1.419924228158312872e+03,-1.039280185507191791e-02,4.226644593938887340e+01,2.297357148941141986e+03,8.951655734730261859e-04,-7.085544504348985084e-01,2.170841380482200697e-02,-9.816734066002610198e-03,3.194227525124538909e-03,1.462783038907525908e-03,1.221200219922891620e+03,4.429080025277485136e-03,-1.547460981597544389e+02,3.085256598202127942e-01,1.964807173591309568e-03,-1.174420725574756505e-02,3.390946399718497168e-03,-3.980877153327355700e-02,1.412922145520713713e+01,-1.201306383096137353e-03,-1.736724479670523991e+01
1.954653974675937178e+01,-4.704625682341649663e+05,-3.873764037938764773e+02,1.747044225127516199e+02,-3.276752192626938154e+02,-3.649341596215142545e+02,1.331942869418767543e+02,3.905099321371023507e+03,1.831975636495584183e+02,-4.701362015218880773e+08,1.416370604041785700e+05,1.032209239283591695e+07,9.389641539752261713e+06,-6.721569214577265084e+07,2.271887185556039697e+02,-9.289406050732576987e+05,2.795501349762419977e+03,-2.323513685368515924e+07,-4.347507525809202889e+03,3.497035013554967195e+07,-3.170492133818660975e+08,-8.155148350310747623e+08,-5.941972323340997696e+08,-4.869693101147109866e+08,-1.646894899655877680e+02,5.908891547099546297e+05,-2.843392174778211847e+04,-3.577755142572413385e+07,1.851884722852644245e+02,-8.859553491875539767e+05,-2.972802172043773904e+07,-1.263037693790450788e+01,-8.001402583591196162e+04,-2.278222777707863997e+02,1.028706624581334381e+02,-1.142397768972037255e+02,2.727443847362279516e+00,-1.216538832569995895e+07,-5.462080171796711880e+01,1.891877083313408308e+06,-3.451149528385103622e+03,-3.682375064592680047e+01,1.165200817557795858e+02,-7.899305706066492405e+01,2.590284478404471429e+02,3.348297998829231947e+05,5.306736500453722805e+00,2.091061050117515551e+05
-8.064168957234780919e+02,6.772970615247029811e+06,3.450573541635426409e+03,-2.141432348983341853e+03,5.425031083107308405e+03,-1.483156463793747889e+03,-1.699439972942466738e+03,-1.101765812577792967e+05,-7.673901347477938543e+03,6.113892819910377502e+09,-2.253132641558948755e+08,1.954460118309362233e+08,-9.435284680189993978e+07,1.983204143782717943e+09,-1.911576591973722316e+03,2.801105793937345967e+06,-2.039964002351772069e+04,6.191077747262146473e+08,2.134085465286712133e+04,-3.170492133818541169e+08,1.333038590973562241e+10,1.038800172405772591e+10,8.043182129210115433e+09,6.911543361438206673e+09,2.392336502809559533e+03,2.682917024452419486e+06,4.731161698362273164e+05,-7.770396914518004656e+07,-1.975235524481502580e+03,1.052818979957357794e+07,3.742480691690524817e+08,8.048582151851332128e+03,-3.874243136063761264e+07,-2.759698428254301543e+05,2.524234809110334027e+04,-1.359810077520445702e+04,8.100242189472990049e+02,7.918546128980848789e+08,9.729500463484291686e+02,-2.411276120329603553e+07,4.962280801864500972e+03,1.508278230792780505e+03,-1.364611661080782687e+04,-2.633246380465222956e+03,-9.681752050692146440e+03,7.821782092848643661e+06,-1.753689513057696786e+03,1.396732601399952313e+06
-1.625049705572617711e+02,1.201827323077038676e+07,1.259253911684665582e+04,-3.161603060468762578e+03,1.024315701434679613e+04,1.082554127239692752e+04,-3.873531155147101344e+03,-1.163823329436784115e+05,-6.428161468311875069e+03,1.514471229957212639e+10,2.533299205849753916e+08,-3.766063046575593352e+08,-1.874164567884261012e+08,2.511052944904300213e+09,-7.671008072131839072e+03,3.560072086776190251e+07,-9.722242135145627253e+04,7.153359784092339277e+08,5.875787765651851805e+04,-8.155148350310777426e+08,1.038800172405797386e+10,2.682690867690506744e+10,1.985784032694493866e+10,1.588589833931552696e+10,4.214901161759732531e+03,-2.152715675199398026e+07,8.166356294915548060e+05,1.513550536166834831e+09,-6.404052746005912013e+03,3.174945991562660784e+07,1.010262817177358866e+09,4.071973169312187792e+02,5.561138926183722913e+06,1.250192864588508428e+03,-3.066439401945854115e+03,6.299809934704072475e+03,-3.806500198445465344e+02,3.068569850740432143e+08,8.865180704613213720e+02,-5.590390885553213954e+07,1.012986047401299729e+05,1.443593853597571524e+03,-5.703680227217004358e+03,3.134188863525038869e+03,-7.214432181437585314e+03,-1.070918402853394113e+07,-3.510897215845145070e+01,-4.763253888486509211e+06
1.271810676098317117e+03,-4.994237290068950504e+06,9.807740351228077998e+03,1.237750515259653184e+04,1.153168620479555102e+04,8.236715290767817351e+03,-6.078263226440753897e+03,1.622411126368093537e+06,-7.091518302162418877e+03,1.372958491695779228e+10,9.433581772029733658e+08,-8.659436183190547228e+08,1.650568364930085540e+08,8.002730797733045578e+09,-6.732780808604043159e+03,4.236921188168548793e+07,-7.784579148164937214e+04,9.122217006977970600e+08,3.764746949474450230e+04,-5.941972323341203928e+08,8.043182129209292412e+09,1.985784032694550705e+10,6.744905700709315491e+10,1.647269966671134377e+10,9.496691973441610344e+02,-1.281048448327860981e+07,4.544356875802053255e+05,1.395804390280129910e+09,-7.592130646651351526e+03,4.848226732971893996e+07,6.276361451346497536e+08,-5.333841322204820017e+02,1.518244254932980239e+07,9.072430798237817362e+04,-4.671081513646255189e+03,1.291356957843720556e+04,-5.522415479230548954e+02,-1.715754337617683113e+08,-1.129432117640424849e+03,-1.277262424776907451e+07,-8.807129794531243533e+03,4.912980494195075153e+03,-9.869910858522975468e+04,7.990243174429711871e+03,1.466476804189700342e+05,-4.016559066848950386e+08,-1.752491935445120532e+02,1.306248092170903459e+06
1.077169547250607366e+03,-4.533461795135142282e+06,6.383381980378486332e+03,1.106072869424230703e+04,1.036905565536292670e+04,8.417747443620171907e+03,2.130067941880466833e+02,-2.820090811313238810e+05,2.201713032160552102e+05,1.047680659452085495e+10,4.008639151242656708e+08,-2.705306196432309747e+08,1.035317451886147261e+08,5.422216244670165062e+09,-4.647756909404161888e+03,3.251436050533213839e+07,-6.762703027286070574e+04,5.404695860754342079e+08,3.392614924360817531e+04,-4.869693101146990657e+08,6.911543361437940598e+09,1.588589833931501007e+10,1.647269966671066475e+10,4.109837708649449158e+10,1.680588063537930338e+03,-4.729096027692514472e+06,4.850421882945189718e+05,6.638652229508132935e+08,-5.644577819588774219e+03,3.848574707809622586e+07,3.303320986551531553e+08,-3.397651619033528618e+02,4.115442706730112899e+06,4.396891964674725750e+04,-2.154082209015249646e+03,3.833870266392818394e+03,-6.071382699396726821e+03,6.942605782528537512e+07,-3.755739125756430781e+02,-7.748858412350653671e+06,-2.978347330712921757e+04,1.930291863474290267e+03,-2.548330766528070308e+04,-3.630342792561329406e+04,-2.278998211176030600e+04,3.426700790586337447e+07,3.636234365296643955e+04,-1.276315027349481285e+08
-4.635664093357942314e-03,2.495421639884229137e+01,-5.438058700161061028e-03,-1.386170451125007079e-02,1.304452194025166592e-03,-2.372264559678090995e-02,-1.515224842822397375e-02,-4.474830570516632328e-02,3.588134773894356006e-02,2.022475230800662302e+03,-2.470865924635823376e+03,1.534373186880971573e+01,-3.262388163771319114e+02,-2.019407555627828970e+02,2.092094034488340207e-03,-3.552079933955756985e+01,-2.298374256803508917e-02,6.089035637599120037e+02,1.662288723460587231e-02,-1.646894899655605684e+02,2.392336502809795093e+03,4.214901161758843045e+03,9.496691973426031836e+02,1.680588063537364178e+03,4.830821103618487822e-02,-6.242479711395085928e+01,6.014251416744476941e+00,-2.706503455574976670e+03,3.788610728695277277e-03,-3.105912088518757486e+01,5.585671119749381432e+02,3.966554133848554701e-04,-1.303223729782937212e+01,-6.941452315729614020e-02,-4.262624727581727085e-03,-7.805805017741134812e-03,3.335357790562981130e-03,6.089038795043545633e+02,7.570648399786857833e-04,-4.130275279744012806e+01,1.007634745529418507e-01,8.330536502504171451e-04,1.008443441618279415e-03,-9.513021559536993972e-04,-7.456538303101306608e-03,-3.717897374229680807e+00,8.882343220914490052e-04,-8.928200713750603867e+00
1.474054225079213332e+01,-1.493215593519794638e+05,-3.197555492136129729e+01,1.456438738526688041e+02,6.556877111564779170e+01,1.166725039011425338e+02,7.575198957253874710e+01,-1.178689335559759229e+03,3.210743239263857873e+01,-5.069802214635852724e+06,-6.770232974571520463e+06,6.129445408781448379e+06,3.083851573088351171e+06,2.541746853860503528e+06,1.106627901007041359e+01,1.126507817507804721e+05,-2.191725993161173278e+02,-2.913243966810167301e+06,-3.507264067588153011e+01,5.908891547100291355e+05,2.682917024449867662e+06,-2.152715675199772418e+07,-1.281048448327646032e+07,-4.729096027691507712e+06,-6.242479711395082376e+01,5.458066552244992927e+05,5.002080403133849359e+03,-1.993268540155126527e+07,-4.024417835212857675e+00,1.486105286480556824e+05,-4.792804892299168743e+06,1.523950701029161259e+01,-2.133813773632872617e+05,-4.672459293233089284e+01,4.423530561729781141e+01,-1.230540499111924788e+02,1.793836605375852145e+01,4.508605884364812635e+06,-2.103853767601887981e+01,3.978570472142852377e+05,-9.541077126524974119e+02,-2.397584910902812450e+00,-1.636232820101992331e+02,-5.495338426550849675e+01,-1.340554558642213578e+02,4.797910023268692312e+05,-2.273357384380437907e+01,1.236670450565332285e+05
1.625114355601128824e-01,-1.896205066921329774e+02,1.597931713686721267e+00,2.019617454948860580e+00,2.457589467084666079e+00,5.239758631125961408e-01,2.680683489101948203e-01,-1.979666216433776427e+01,2.919196610160884386e+00,5.222669493675035192e+05,-2.688738255268325447e+05,8.260970301326097979e+04,9.318061132918775911e+03,-5.443748449008020543e+03,7.248397450586463453e-02,1.112065092715049559e+03,-1.579600366139764667e+01,-3.337263857424024172e+04,2.518876458073615154e+00,-2.843392174777768014e+04,4.731161698361946037e+05,8.166356294913666788e+05,4.544356875799765112e+05,4.850421882944034296e+05,6.014251416744590628e+00,5.002080403133395521e+03,9.150720863225305948e+03,-4.012866027087535476e+05,1.501469791383639452e-01,-6.401235151528885581e+01,2.888113988564348256e+04,1.041568810639171283e-01,-3.459534156605964199e+03,-6.848045792480892402e+00,-7.645297315335953803e-01,-2.443752732203811284e+00,4.823316655092852456e-01,1.241047308602557750e+05,-5.972742652319755763e-01,6.881617645219131418e+02,2.028696285257084853e+01,-6.961435788284969783e-02,-2.094999021523317850e+00,-7.974411196612473107e-01,-2.269921913668006663e+00,5.175522729061669452e+03,-2.327090597460342025e-01,8.353364871826198623e+02
1.372901072350663583e+02,2.995615639627106488e+06,3.044931908154112080e+03,-5.774721870359485365e+03,-3.227592107165040488e+03,-2.860532829751503868e+03,-1.711716247963402793e+03,7.260890818975577713e+04,-5.160292468221542549e+03,6.216532386594727039e+08,7.241142003670126200e+08,-2.836969774635159969e+08,-3.553189425283186883e+07,-2.429896354591989815e+08,-1.314631237600952090e+03,1.380307600234689191e+06,9.444045904291006082e+03,1.913816594337826669e+08,1.419924228158038204e+03,-3.577755142572534084e+07,-7.770396914516951144e+07,1.513550536166938305e+09,1.395804390280042171e+09,6.638652229507730007e+08,-2.706503455575003500e+03,-1.993268540155077726e+07,-4.012866027087454568e+05,1.534204687327960968e+09,-6.457513410570091992e+02,-1.660529904210590292e+06,2.928882214354287982e+08,-8.130779245223957332e+02,1.258178560420255736e+07,7.172754144534508669e+03,-2.021746928234133520e+03,6.932208291649626517e+03,-1.380767774122251012e+03,-2.495952430767495930e+08,1.356726839126650077e+02,-1.398833244234241173e+07,4.404373794484257814e+04,8.603389374520925514e+01,7.791115936110214534e+03,2.754945959845018024e+03,8.240966987931995391e+03,-2.257525347014721856e+07,1.121690033969789738e+03,-3.623527645903996192e+06
-2.543531175331655795e-03,2.991026867142547374e+01,9.587641929367951999e-04,-3.678159467704481683e-02,2.895680000455086445e-01,-9.954246981250492246e-03,-1.804777585725285058e-02,-1.064971840855683388e-01,7.772073237891806083e-03,-5.899373250824927709e+03,-1.092354762937595979e+03,-2.161401170798507678e+02,-5.240010616872820037e+02,1.224469263768984547e+03,6.127543029188225673e-03,-8.128713894950061558e+01,8.146802859026874843e-02,1.124624043181346906e+03,-1.039280185507530582e-02,1.851884722852808807e+02,-1.975235524481157199e+03,-6.404052746006067537e+03,-7.592130646652082760e+03,-5.644577819589343562e+03,3.788610728693897738e-03,-4.024417835212155126e+00,1.501469791380773133e-01,-6.457513410569188181e+02,2.553703931545386885e-01,-9.708011912733791178e+02,9.166517220150583398e+02,3.258924858830581587e-03,-1.624714983982083538e+01,-1.033801615693658027e-01,5.771987416475600659e-03,-7.312129643956674988e-03,1.353967693535918339e-03,7.605432098942803805e+02,1.678615280002464195e-03,-6.524914372629073966e+01,1.571527453039351929e-01,1.898605397410643714e-03,-1.697535340084541490e-03,8.132455162682137098e-04,-8.437324562547955653e-03,-1.913664106880202453e+01,2.114192338318323045e-04,-1.226278319779857284e+01
3.005252540604545430e+01,-3.478391248762913747e+05,-5.536912883418747100e+01,4.190955451118414885e+02,7.806757129700061171e+01,1.057525126511834799e+02,1.971525679123124917e+02,-1.649840930465047677e+02,-8.685909939282493042e+01,3.800929553981670737e+07,7.082148314785031602e+06,4.668107508850905113e+06,5.837845220599764958e+06,-2.892747025012222119e+06,-4.109383060552055156e+01,7.938336498704216210e+05,-8.783032065638861923e+02,-1.501195162763642520e+07,4.226644593942664585e+01,-8.859553491877391934e+05,1.052818979956941865e+07,3.174945991562823951e+07,4.848226732972691953e+07,3.848574707810158283e+07,-3.105912088517295189e+01,1.486105286480310606e+05,-6.401235151258505596e+01,-1.660529904211054323e+06,-9.708011912733769577e+02,4.191035686852963641e+06,-1.226316418419056013e+07,-3.064841691577086280e+01,9.780162965663778596e+04,8.629115380500294350e+02,-3.986758002753928309e+01,3.091889499832969079e+01,-3.976416007721848445e+00,-6.940605606736361049e+06,-2.065057532321804601e+01,8.106981720298245782e+05,-1.878933584221445699e+03,-2.629445096901047307e+01,-1.042491175640188175e+02,-3.404434491846667754e+01,-3.092825504237314860e+01,4.777574629456877010e+05,-1.621403965765854593e+01,1.671689334782707156e+05
-2.676321520238760172e+02,6.108777246574721299e+06,2.585728527377216778e+03,-1.022782733359585836e+04,-2.442806474247603091e+03,-1.119979305393949289e+03,-4.758396615095675770e+03,3.229929355323817072e+04,4.757215503014990645e+03,3.274466400611365438e+08,-4.283459382218918204e+07,-1.237865111609665453e+08,-2.612534386696826667e+07,-1.973431333504633605e+08,9.078859439220684280e+00,-1.380302767838334292e+07,1.485917715934116131e+04,5.508702784008102417e+08,2.297357148940123352e+03,-2.972802172043154016e+07,3.742480691691435575e+08,1.010262817177264452e+09,6.276361451343241930e+08,3.303320986550493836e+08,5.585671119746243676e+02,-4.792804892297917977e+06,2.888113988561343649e+04,2.928882214354122281e+08,9.166517220149395371e+02,-1.226316418418989144e+07,4.643862062895492911e+08,7.208395590361824361e+02,-9.796381769860736094e+05,-1.676818299282429143e+04,2.703821663158292381e+02,-4.139483623483587849e+01,-7.745185307010852682e+01,2.009798892127295732e+08,-5.800600842952547964e+02,-1.806037105561428517e+07,5.255887765343031060e+04,9.518946108982603391e+02,3.894955780891267750e+03,1.128735875128929365e+03,3.199676163789425573e+03,-1.328477988218850456e+07,7.950451849925481156e+02,-2.545181637011887506e+06
-2.045275337340772114e-03,1.681645717844862631e+01,4.226637834330346233e-03,-8.424195325368826273e-03,-7.164894374683914748e-03,7.486580546008243797e-02,-9.531730173312458546e-03,2.128308544683875023e-02,-9.147179535293689656e-03,-6.120963855604297805e+02,-6.840490849552876398e+02,2.245687479302252427e+02,-1.068198623357783532e+02,1.943230693525962351e+03,3.857246006981530743e-03,-3.750818974674468365e+01,3.227283996703794733e-02,8.355946141538809115e+02,8.951655734661323948e-04,-1.263037693785449633e+01,8.048582151849304864e+03,4.071973169305983902e+02,-5.333841322181871192e+02,-3.397651619018429301e+02,3.966554133789150179e-04,1.523950701030088517e+01,1.041568810636518821e-01,-8.130779245220561506e+02,3.258924858822803954e-03,-3.064841691568929960e+01,7.208395590343460526e+02,1.961317184188719753e-01,-4.159505219428080522e+02,-5.259337691120575364e+00,3.038079489684477608e-01,7.369974847062464715e-04,5.746600426313306850e-03,1.886416476665529899e+03,5.415333684226558697e-03,-4.486135799624423015e+01,-1.986726614165596622e-02,7.041878632399336570e-03,-6.186875798147778221e-04,-2.191547337530559345e-03,1.001091994662280885e-03,-1.513955463372974997e+01,-2.738504509216383581e-03,4.200636868217830333e+00
2.890580900692762523e+00,-3.007393864804606710e+04,-4.083726199466276796e+00,2.022305182660784340e+01,-3.057870033458420789e+00,-1.829388796783262023e+02,-3.249771964750428310e+01,1.514124742433237543e+03,1.599009299194642040e+02,2.369332079382832162e+06,7.230879071741312742e+06,-8.127666771208563820e+06,2.493513823065117758e+05,-6.578845544546468183e+06,-2.043667144476201969e+01,1.618469120205679792e+05,-6.744222940956436219e+01,-3.091968114644410554e+06,-7.085544504094996032e-01,-8.001402583616042102e+04,-3.874243136063259840e+07,5.561138926189343445e+06,1.518244254932598956e+07,4.115442706726967823e+06,-1.303223729781160323e+01,-2.133813773633176170e+05,-3.459534156605072440e+03,1.258178560420200787e+07,-1.624714983980215166e+01,9.780162965643324424e+04,-9.796381769808798563e+05,-4.159505219428254463e+02,1.257485395513864933e+06,1.089394032752539897e+04,-6.466641150929676769e+02,3.190400106047036388e+02,-2.878508452337880641e+01,-1.769362191227707639e+07,1.642204345174055335e-01,5.989105776927356783e+04,-3.314711775622911887e+02,-2.421681385766004269e+01,1.856751805075598725e+02,7.788508313671773919e+01,1.562162938989004317e+02,-3.263070123654608615e+05,4.437133192590007980e+01,-1.066862789714935352e+05
2.341910672332338794e-01,-5.652052746403578567e+02,-4.995568006127788958e-03,-7.008188450641195111e-01,8.178293032642523774e-02,8.282315123550343827e+00,5.707264021201104987e-01,9.869105620731717377e-01,6.619903478518109896e-01,4.289569250521523645e+04,1.680175076899404303e+04,-2.529358310814147262e+04,3.154077083604372547e+03,-1.521436695337983292e+04,-5.039781287155532113e-02,1.418646689084904153e+02,2.454764412332508972e+00,1.507808819871598462e+04,2.170841380489629477e-02,-2.278222777708596141e+02,-2.759698428253807942e+05,1.250192864565172158e+03,9.072430798226472689e+04,4.396891964667370485e+04,-6.941452315713321497e-02,-4.672459293256306978e+01,-6.848045792475075721e+00,7.172754144522688875e+03,-1.033801615691205822e-01,8.629115380475288930e+02,-1.676818299277066035e+04,-5.259337691120428815e+00,1.089394032752450039e+04,2.140754617722439548e+02,-6.039679752017659276e+00,-2.871445667894972908e-01,-1.292747074927521611e-01,-4.983813165581004432e+04,1.746260412570401488e-01,4.108673562995677457e+02,-6.777013619950523093e+00,-2.848528225249625026e-02,4.886308900654553478e-01,2.538211745664145091e-01,2.354501198946050977e-01,-3.004645518876318988e+02,1.388417054454502697e-01,-2.749462176568309815e+02
-1.300768051945713419e-02,3.606048267586951539e+01,-1.322703540739913509e-02,-7.265844889449334966e-03,-8.245508940985047178e-03,8.918143533134628362e-03,-2.347559993128441741e-02,1.106479821559676613e-01,-5.261227691625589009e-02,-3.699165298229631389e+03,-1.142658076266153330e+03,1.487302896487623912e+03,-2.110723613882509255e+02,6.560698636173055093e+03,1.082321630971513383e-02,-7.887797416518128557e+01,1.924055185556453329e-01,1.416473275600640363e+03,-9.816734066011490248e-03,1.028706624581861178e+02,2.524234809110038259e+04,-3.066439401945756345e+03,-4.671081513639552213e+03,-2.154082209012241947e+03,-4.262624727590530807e-03,4.423530561730883193e+01,-7.645297315341255118e-01,-2.021746928233375002e+03,5.771987416464435978e-03,-3.986758002741884610e+01,2.703821663131672040e+02,3.038079489684493151e-01,-6.466641150929433479e+02,-6.039679752017922176e+00,1.251324513336438793e+00,7.019320609416439261e-02,9.094563506089741248e-03,3.676817444812214490e+03,2.605295090227393445e-02,-7.485592664358139814e+01,-7.283213848683182112e-01,1.021366451394767165e-02,-2.554282694757582794e-02,-1.528308490759350269e-02,1.217257481943051023e-03,-1.008748931545099126e+01,-1.134920312414598037e-02,2.195323309912145149e+01
-6.181316949639518998e-03,1.431095589445417815e+01,-9.379222526849582617e-03,3.238556870494741034e-03,-1.079170966886078796e-02,-7.306867020279983471e-02,-5.620626241846129328e-02,1.265511467928576606e+00,1.361803901797890015e-01,2.124616714222669032e+02,4.386188672011078779e+03,-7.084860359152974524e+03,-1.056226865315411914e+02,2.323053461179739770e+03,-5.692807330812322229e-03,2.696001874180807789e+01,7.781840901088001028e-02,1.807984700330069217e+01,3.194227525127992743e-03,-1.142397768972536625e+02,-1.359810077520393497e+04,6.299809934705584055e+03,1.291356957843669261e+04,3.833870266390926190e+03,-7.805805017735257569e-03,-1.230540499112095887e+02,-2.443752732203713141e+00,6.932208291649928469e+03,-7.312129643951888885e-03,3.091889499827406240e+01,-4.139483623321482497e+01,7.369974846972426061e-04,3.190400106047202371e+02,-2.871445667891502351e-01,7.019320609415025114e-02,6.707806609429923794e-01,-1.481706307688910457e-02,-1.070438657026582950e+04,4.765822773668552254e-02,-8.889892901815592552e+01,-1.399662276402644956e+00,1.525171985381936976e-02,1.552518511609863872e-01,6.655931626044198079e-02,1.318893561408500115e-01,-3.128914614532466203e+02,3.405192767145083510e-02,-9.067300874700370628e+01
1.054218031074687171e-04,-1.938152939774993255e+00,-2.045174417224226385e-03,1.284070281597880260e-02,3.204471126463357116e-03,4.762160326896098389e-03,2.740216964937555386e-03,-2.230468149944998812e-01,2.861854960809674164e+00,-3.276363173054108415e+02,-9.086523638669293632e+02,5.455006729124348794e+02,7.005980224459420924e+01,1.523652780588049382e+03,5.008067995126017774e-03,-1.657906759007315145e+01,-5.574342554261752652e-02,-3.350470346934512378e+01,1.462783038906109723e-03,2.727443847443919989e+00,8.100242189448684940e+02,-3.806500198491235096e+02,-5.522415479269704974e+02,-6.071382699399107878e+03,3.335357790587761221e-03,1.793836605374741211e+01,4.823316655103121464e-01,-1.380767774125782807e+03,1.353967693534755207e-03,-3.976416007732667790e+00,-7.745185307035831102e+01,5.746600426312130708e-03,-2.878508452337662504e+01,-1.292747074926946238e-01,9.094563506086436599e-03,-1.481706307688614860e-02,4.133418619944239758e+00,6.064256298000063907e+02,6.884160755365628616e-04,4.877498358709853932e+00,-5.635767773300776745e-02,-9.201035485887147343e-04,-2.368100364616081491e-02,7.041928468106107841e-01,-2.207152612784134965e-02,4.795698139092923640e+01,3.904237857427556579e-01,-5.196290715987523754e+02
-1.122831751239543081e+02,2.829521252167303581e+06,1.060143089258156351e+03,-5.066284319817345931e+03,-5.068952938175679606e+02,-3.409625916974542292e+02,-2.032522477317386347e+02,-4.543685184312495403e+04,-3.930157060360790183e+03,1.503266015977321863e+08,-2.195229802303254008e+08,2.376991689833176136e+08,-1.641536439229256473e+07,4.587975111985722929e+07,4.913279673275791879e+02,-1.021886113466399722e+07,8.978315204131291466e+03,3.383363406067280769e+08,1.221200219921902999e+03,-1.216538832569113374e+07,7.918546128980808258e+08,3.068569850738257766e+08,-1.715754337619740367e+08,6.942605782524715364e+07,6.089038795039689376e+02,4.508605884365789592e+06,1.241047308602261764e+05,-2.495952430767575204e+08,7.605432098940913193e+02,-6.940605606734172441e+06,2.009798892126633823e+08,1.886416476667064671e+03,-1.769362191228078306e+07,-4.983813165585931711e+04,3.676817444814476403e+03,-1.070438657026660076e+04,6.064256298002273979e+02,6.663592403632799387e+08,-4.170200533996585932e+02,-8.162576457369185984e+06,3.220008549768829835e+04,1.029071887762707092e+03,-5.320613499735860387e+03,-2.299223409927215471e+03,-4.596792067354175742e+03,7.302661750629535876e+06,-1.171103415173172380e+03,2.640220982715320773e+06
-5.076806549476788402e-03,4.133332663637850146e+01,-3.377392641956661768e-03,-5.215192408187253881e-02,-3.087698021631900529e-03,5.707950965641490904e-02,2.564934913224473437e-02,1.129150451494293911e-01,-3.756436156657583757e-03,-2.208637166911189809e+02,-1.747933907782315188e+01,-1.270281202858713186e+03,-1.299506184254097207e+03,1.770434419707197549e+03,4.620682015905847040e-03,-9.967757598783003914e+01,2.731686634426881422e-01,2.283478090407510535e+03,4.429080025275298517e-03,-5.462080171795627592e+01,9.729500463492023528e+02,8.865180704612630507e+02,-1.129432117640829802e+03,-3.755739125767154292e+02,7.570648399773061360e-04,-2.103853767602375058e+01,-5.972742652323849155e-01,1.356726839131395934e+02,1.678615280003804269e-03,-2.065057532323518430e+01,-5.800600842947796991e+02,5.415333684237554242e-03,1.642204344922137127e-01,1.746260412567191556e-01,2.605295090229054616e-02,4.765822773668170614e-02,6.884160755283759425e-04,-4.170200533992699548e+02,1.253234822337185861e-01,-2.989987183617355413e+02,-3.685027798786952857e+00,1.099195660481435029e-02,2.972826014656051660e-02,1.183774594929588517e-02,1.593712511806553642e-02,-8.959680076721517139e+01,3.247259213368280679e-03,-3.554116183533177775e+01
5.395981487617538619e+01,-6.104013451079634251e+05,-1.184972897263654943e+02,7.236930218841815758e+02,1.495864807558708947e+02,-9.162168982811156326e+00,2.102428771450010458e+02,-1.392067480271765589e+03,-5.181404982839376316e+01,-1.067398779899890348e+07,4.305854620408041403e+06,1.204072070853201859e+07,1.221701923258813843e+07,-4.010012277262946591e+06,-2.619773938676587832e+01,1.142524372882984113e+06,-1.705807860997405214e+03,-2.951703895350601524e+07,-1.547460981596977945e+02,1.891877083313102135e+06,-2.411276120330172777e+07,-5.590390885552879423e+07,-1.277262424775505811e+07,-7.748858412341518328e+06,-4.130275279741973549e+01,3.978570472142383805e+05,6.881617645256840206e+02,-1.398833244234319218e+07,-6.524914372628833803e+01,8.106981720298482105e+05,-1.806037105561605841e+07,-4.486135799637824562e+01,5.989105776961895026e+04,4.108673563034513450e+02,-7.485592664377770689e+01,-8.889892901806808823e+01,4.877498358750574248e+00,-8.162576457373613492e+06,-2.989987183617116671e+02,1.964209551069410052e+06,4.171137038444742757e+03,-5.485877668844331367e+01,-3.169501273351264672e+02,-1.003006966442561776e+02,-1.775513120710861870e+02,1.142888520651718602e+06,-3.849117623640231045e+01,3.575795100485316361e+05
-4.046226623589819354e-02,1.078649922645006200e+03,9.117023196007809638e-01,-3.506685703614596111e-02,-2.654840054820480355e-01,-5.857312959025954280e-01,1.909318993426315503e+00,4.654293535289529160e+00,-2.610298867279280399e-01,2.203779506131926610e+04,-1.881956186795173926e+04,6.239046191967993764e+03,-1.631524247664841641e+04,-1.317128173605581396e+05,-9.672391074779823628e-02,9.679002055589083966e+02,-7.967973323120584261e+00,-6.794686205390701070e+04,3.085256598201892575e-01,-3.451149528384916721e+03,4.962280801840017375e+03,1.012986047401261603e+05,-8.807129794543379830e+03,-2.978347330711208633e+04,1.007634745529468190e-01,-9.541077126523217657e+02,2.028696285257034049e+01,4.404373794483328675e+04,1.571527453038759070e-01,-1.878933584220887042e+03,5.255887765341902559e+04,-1.986726614176012248e-02,-3.314711775620737626e+02,-6.777013619947572565e+00,-7.283213848684775282e-01,-1.399662276402660277e+00,-5.635767773294635824e-02,3.220008549768307785e+04,-3.685027798787029685e+00,4.171137038445591315e+03,1.679676919197257519e+02,-4.423708712723056768e-01,5.992600542431774091e-01,-1.139545522241426495e-01,5.014892848769545441e-01,-1.954652795575331993e+03,-9.502444511889480971e-03,-3.013610572612165583e+02
-2.503264679211226161e-03,1.847781943498050339e+01,7.150175926700921229e-04,-2.682663852917054406e-02,-6.138501881828991973e-03,-8.898381133533708742e-03,-1.980643491146603929e-02,1.791236869593603731e-01,3.218272250851286764e-02,2.452672357666478149e+02,1.944795212231795176e+02,-1.377864514713681501e+03,-7.493828093529731404e+01,3.027549647261629161e+03,1.276673255717588685e-03,-5.235138403639926707e+01,1.083737029730782037e-01,2.096134180510430269e+03,1.964807173587037378e-03,-3.682375064589733427e+01,1.508278230792970589e+03,1.443593853597048110e+03,4.912980494194252969e+03,1.930291863473785725e+03,8.330536502492545551e-04,-2.397584910901498390e+00,-6.961435788297934413e-02,8.603389374530668476e+01,1.898605397410415381e-03,-2.629445096900857237e+01,9.518946108982321448e+02,7.041878632405333509e-03,-2.421681385767455197e+01,-2.848528225267800765e-02,1.021366451395616659e-02,1.525171985381609287e-02,-9.201035485874826470e-04,1.029071887762810775e+03,1.099195660481313251e-02,-5.485877668843676247e+01,-4.423708712722754788e-01,4.320179489762204089e-02,1.916534426833655866e-02,1.231301081204600953e-02,1.960470621448877696e-02,-7.101746542599333623e+01,5.838086248456424848e-03,-1.788362890824575047e+01
-2.174378648817613599e-02,1.381120680259915900e+02,8.465174427198077917e-03,-2.146115194795472358e-01,-4.714314109493204785e-02,-3.651398381573178059e-02,-1.135633918171883305e-01,4.978346174641640864e+00,3.096744928694045718e-01,5.954712343980825153e+02,2.370833946725102578e+03,-8.576338134554194767e+03,-1.825280653598373419e+03,-7.254406381170492386e+04,-2.572579642010452278e-02,-9.179573644494180940e+01,6.089689536959239646e-01,5.045375570389033783e+03,-1.174420725573585914e-02,1.165200817555834760e+02,-1.364611661080447448e+04,-5.703680227210024896e+03,-9.869910858522955095e+04,-2.548330766527877495e+04,1.008443441623994028e-03,-1.636232820102027858e+02,-2.094999021523186844e+00,7.791115936110146322e+03,-1.697535340082353570e-03,-1.042491175640531083e+02,3.894955780892817074e+03,-6.186875797963263274e-04,1.856751805075057291e+02,4.886308900650099263e-01,-2.554282694754912361e-02,1.552518511609707608e-01,-2.368100364616126247e-02,-5.320613499734355173e+03,2.972826014655858065e-02,-3.169501273351897908e+02,5.992600542433311750e-01,1.916534426834033689e-02,1.939354500100503920e+00,9.496494478776010273e-02,4.451486155284273827e-01,-6.052903861267948287e+02,7.196813300365687005e-02,-1.901914397461836188e+02
-4.412977408005325924e-03,3.608381150566871298e+01,4.584337150040763628e-03,-3.951068523126573945e-02,-1.345324362584027558e-02,-1.513521893594346052e-02,-4.315896682668306922e-02,7.371488592828672193e-01,1.339316407589634217e+00,4.579916999045319699e+02,1.419512499959319939e+03,-3.579664288837157528e+03,-5.894551219669554030e+02,2.575967002120916050e+02,-5.771310188040413734e-04,-5.646502842951068146e+01,1.421160739653812011e-01,1.950216940621503682e+03,3.390946399739474745e-03,-7.899305706097005952e+01,-2.633246380461594981e+03,3.134188863534930988e+03,7.990243174434963294e+03,-3.630342792561011447e+04,-9.513021559485613631e-04,-5.495338426552855537e+01,-7.974411196609526575e-01,2.754945959845502784e+03,8.132455162668804664e-04,-3.404434491847605671e+01,1.128735875129598980e+03,-2.191547337527034386e-03,7.788508313671218275e+01,2.538211745663271901e-01,-1.528308490759153898e-02,6.655931626044220284e-02,7.041928468106087857e-01,-2.299223409926915792e+03,1.183774594930024626e-02,-1.003006966443258108e+02,-1.139545522239965442e-01,1.231301081204590198e-02,9.496494478776733306e-02,9.446159881445005402e-01,7.557337969948757506e-02,-2.137735521398224989e+02,1.284681103726005580e-01,-3.550859178107745606e+01
-1.622418871353216788e-02,8.140835544184766093e+01,1.933215041665553016e-03,-1.546737470070468357e-01,-3.642605263423959877e-02,-3.814235252101093321e-02,-7.660000409022306445e-02,2.600975694100531399e+01,2.558947411291122020e-01,2.624333032464542612e+03,3.549904487571818208e+03,-6.288602450930093255e+03,-3.381007892819937979e+02,-7.000067022307618754e+04,-2.964516239756931695e-02,1.512028782541185912e+01,4.317783501865513629e-01,3.303078293372561802e+03,-3.980877153321387557e-02,2.590284478395798828e+02,-9.681752050688719464e+03,-7.214432181408780707e+03,1.466476804189911927e+05,-2.278998211174311291e+04,-7.456538303088379449e-03,-1.340554558642503480e+02,-2.269921913666693936e+00,8.240966987933605196e+03,-8.437324562549260165e-03,-3.092825504240620305e+01,3.199676163793282740e+03,1.001091994665432010e-03,1.562162938989047802e+02,2.354501198947057672e-01,1.217257481924963278e-03,1.318893561408498449e-01,-2.207152612782667736e-02,-4.596792067352488630e+03,1.593712511806084225e-02,-1.775513120712209627e+02,5.014892848773320200e-01,1.960470621449504278e-02,4.451486155284712365e-01,7.557337969949018408e-02,2.239160471619388915e+00,-4.765820848618146556e+03,6.056817272562255855e-02,-1.300648002480081686e+02
6.370368644901899557e+01,-4.861105152773324517e+05,-5.915445254931898234e+01,5.983135138546281269e+02,1.492188107088052504e+02,1.686969509200300763e+02,3.224886717338252993e+02,-5.452361398900267523e+04,-4.481170972228500773e+02,-6.724265582415005192e+06,-6.010806472520368174e+06,2.089409425393092632e+07,8.531355828837281093e+06,1.048686998123217821e+08,3.866725918997583733e+01,5.170373013514761114e+05,-1.519985667649236575e+03,-1.687976529274137318e+07,1.412922145516017203e+01,3.348297998838589992e+05,7.821782092858725227e+06,-1.070918402856934443e+07,-4.016559066849145889e+08,3.426700790584871173e+07,-3.717897374241931452e+00,4.797910023269384983e+05,5.175522729062627150e+03,-2.257525347015243024e+07,-1.913664106880643345e+01,4.777574629458308918e+05,-1.328477988219741359e+07,-1.513955463378536237e+01,-3.263070123653570772e+05,-3.004645518864401197e+02,-1.008748931547571459e+01,-3.128914614532172891e+02,4.795698139092824874e+01,7.302661750624374487e+06,-8.959680076719546093e+01,1.142888520652004750e+06,-1.954652795576483641e+03,-7.101746542600962186e+01,-6.052903861268674746e+02,-2.137735521397952141e+02,-4.765820848618116543e+03,1.086227534528848715e+07,-1.310113125659569278e+02,4.664656967071121326e+05
-1.861386227783839564e-03,1.369435471592962905e+01,1.434400785580641075e-03,-2.046666088340181114e-02,-7.286939792986873304e-03,-9.529738564889126198e-03,-2.328568576297120746e-02,6.576413278139652263e-01,3.206186461333899285e+00,6.636986021998181684e+01,3.945948747509782493e+02,-1.675989091619278952e+03,-1.484456791140286391e+00,-4.220204616935402555e+03,-8.235891305375660047e-04,-2.264734178710006773e+01,5.653787111185248904e-02,1.079751817733920234e+03,-1.201306383085315498e-03,5.306736500291198588e+00,-1.753689513056739315e+03,-3.510897215311410235e+01,-1.752491935406643790e+02,3.636234365296846954e+04,8.882343220921333537e-04,-2.273357384383986357e+01,-2.327090597464131216e-01,1.121690033971713774e+03,2.114192338323277577e-04,-1.621403965768242728e+01,7.950451849935697055e+02,-2.738504509218846888e-03,4.437133192593187658e+01,1.388417054455667043e-01,-1.134920312415296957e-02,3.405192767147188077e-02,3.904237857427561575e-01,-1.171103415173683970e+03,3.247259213374019578e-03,-3.849117623648033515e+01,-9.502444511909643662e-03,5.838086248458430189e-03,7.196813300367392585e-02,1.284681103726136586e-01,6.056817272561983156e-02,-1.310113125659886180e+02,4.540327328878611124e-01,-9.714532028740627538e+02
1.799576879156073161e+01,-1.524658124040252878e+05,-1.554196445871579435e+01,1.367162192493212274e+02,3.925579905529082225e+01,5.451115408167436982e+01,9.883998945705238270e+01,-1.244831336248944581e+03,-6.528917228340224028e+03,8.940334839650252834e+05,-1.233966404728406778e+05,6.299725465812009759e+06,3.594362412393888459e+06,1.315019225232445635e+06,-4.834451347877835481e+00,2.194588277610641089e+05,-3.518863361266437551e+02,-3.887224967761646956e+06,-1.736724479670089849e+01,2.091061050117813866e+05,1.396732601399826584e+06,-4.763253888489180245e+06,1.306248092172915349e+06,-1.276315027349442840e+08,-8.928200713743905226e+00,1.236670450566176587e+05,8.353364871850218378e+02,-3.623527645909468643e+06,-1.226278319780510806e+01,1.671689334783634695e+05,-2.545181637014511973e+06,4.200636868205912755e+00,-1.066862789715243416e+05,-2.749462176565191385e+02,2.195323309910486387e+01,-9.067300874704254454e+01,-5.196290715987379372e+02,2.640220982716060244e+06,-3.554116183534073059e+01,3.575795100487050368e+05,-3.013610572613071668e+02,-1.788362890825117191e+01,-1.901914397462192028e+02,-3.550859178109400460e+01,-1.300648002480017453e+02,4.664656967071793624e+05,-9.714532028740533178e+02,2.325745150098589715e+06
